phase	index	gene	chrom	start	end	size	ok	status	seconds	bytes	error
warmup	1	CSAG1	chrX	152727484	152733735	6251	True	200	5.460118271410465	4396858	
warmup	2	BX322559.1	chr21	45378201	45379635	1434	True	200	4.627185754477978	3169688	
warmup	3	AC104164.3	chr3	60616822	60618079	1257	True	200	6.224745266139507	1580779	
warmup	4	C3orf70	chr3	185078050	185153014	74964	True	200	6.301141902804375	6305073	
warmup	5	HEXB	chr5	74640023	74722647	82624	True	200	5.979461267590523	6339232	
warmup	6	AC093281.2	chr5	91226475	91227071	596	True	200	5.299952149391174	1141495	
warmup	7	AC118553.1	chr1	99968383	99969864	1481	True	200	5.527693711221218	2609693	
warmup	8	AL359922.2	chr9	21858910	21861926	3016	True	200	5.919983349740505	3476791	
warmup	9	CKS1BP7	chr8	80644939	80645173	234	True	200	5.267137937247753	854608	
warmup	10	AL590002.1	chr6	127416535	127416952	417	True	200	5.497271686792374	906384	
warmup	11	SMARCE1	chr17	40624962	40648508	23546	True	200	8.023666374385357	6102585	
warmup	12	HES6	chr2	238238267	238240662	2395	True	200	6.885402604937553	4555531	
warmup	13	USP17L28	chr4	9348893	9350485	1592	True	200	6.433114163577557	157737	
warmup	14	AL359397.2	chr14	50326526	50327909	1383	True	200	5.861701160669327	2221560	
warmup	15	FAM201A	chr9	38620474	38624990	4516	True	200	6.080614693462849	5117036	
warmup	16	AL589994.1	chr6	49077712	49078051	339	True	200	5.295076169073582	1096479	
warmup	17	OR51K1P	chr11	5430653	5431602	949	True	200	6.144211612641811	1604709	
warmup	18	MIR192	chr11	64891137	64891246	109	True	200	6.496777534484863	1082939	
warmup	19	IGHV3-72	chr14	106790691	106791233	542	True	200	5.39681588858366	9973	
warmup	20	C1QTNF6	chr22	37180167	37199385	19218	True	200	6.382540352642536	6188528	
measure	1	AC084824.4	chr12	32736930	32737660	730	True	200	5.5851274356245995	477984	
measure	2	AC017083.1	chr2	68125265	68125747	482	True	200	5.602653004229069	1705113	
measure	3	AL121917.1	chr20	58863528	58888809	25281	True	200	6.390890285372734	6192743	
measure	4	TGFB1	chr19	41301587	41353911	52324	True	200	6.121669128537178	6370982	
measure	5	AC098826.1	chr2	132087289	132102564	15275	True	200	6.4541457667946815	4761730	
measure	6	LINC02251	chr15	98003081	98021777	18696	True	200	5.483250558376312	5948204	
measure	7	AC079776.3	chr2	129939848	129940217	369	True	200	4.701244510710239	875719	
measure	8	AC087894.3	chr12	127825938	127826286	348	True	200	5.14032805711031	1263259	
measure	9	AC063926.1	chr12	130419535	130421019	1484	True	200	4.8018034771084785	2703491	
measure	10	MPHOSPH6	chr16	82147798	82170226	22428	True	200	5.606322221457958	6110968	
measure	11	AC093422.1	chr1	205202191	205202742	551	True	200	6.305039651691914	1425671	
measure	12	PPIAP26	chr13	52820497	52821018	521	True	200	5.364822834730148	1264684	
measure	13	SNORA62	chr1	35310274	35310425	151	True	200	8.423424251377583	1555	
measure	14	AC087276.1	chr11	43466392	43466871	479	True	200	6.668096706271172	1289020	
measure	15	MORF4L1P5	chrX	65327988	65331233	3245	True	200	5.408502101898193	2301582	
measure	16	AC025188.1	chr5	76691439	76716215	24776	True	200	5.9595944955945015	6145314	
measure	17	CNGA3	chr2	98346155	98398601	52446	True	200	6.332573942840099	6321616	
measure	18	RNY4P24	chr13	52400004	52400099	95	True	200	4.861231178045273	558773	
measure	19	ANKRD26P2	chr13	38922727	38936199	13472	True	200	5.473036132752895	5636651	
measure	20	AC116407.1	chr17	32141226	32143135	1909	True	200	7.198147900402546	3937050	
measure	21	TBP	chr6	170554302	170572870	18568	True	200	5.135676391422749	5978233	
measure	22	LINC01918	chr2	105144113	105145424	1311	True	200	5.304794564843178	2998093	
measure	23	AL035530.2	chr6	158988178	159064925	76747	True	200	6.316869504749775	6335386	
measure	24	CATIP	chr2	218356856	218368099	11243	True	200	7.680248372256756	6043961	
measure	25	AFF2-IT1	chrX	148546878	148547397	519	True	200	4.902633212506771	838790	
measure	26	AC022748.1	chr15	78752107	78753373	1266	True	200	6.81581125408411	2824420	
measure	27	NPTN	chr15	73560014	73634134	74120	True	200	6.310896143317223	6300835	
measure	28	AC009318.3	chr12	29331434	29331936	502	True	200	5.412060916423798	821	
measure	29	C1orf87	chr1	59987269	60073770	86501	True	200	6.4867130145430565	6259337	
measure	30	CRISP1	chr6	49834257	49877096	42839	True	200	5.911171585321426	6070807	
measure	31	B9D2	chr19	41354421	41364173	9752	True	200	6.293075039982796	5887845	
measure	32	LOXHD1	chr18	46476972	46657033	180061	True	200	6.541748575866222	6446999	
measure	33	PACS1	chr11	66070363	66244747	174384	True	200	7.873775020241737	6496707	
measure	34	AC138649.5	chr15	22714342	22717727	3385	True	200	4.790775284171104	3645973	
measure	35	AC087498.2	chr17	3377527	3377602	75	True	200	7.118214532732964	1005398	
measure	36	AC002115.2	chr19	35586260	35587296	1036	True	200	8.772029593586922	2707259	
measure	37	LINC01649	chr1	115919350	115931561	12211	True	200	5.921520076692104	5616241	
measure	38	ENPP7P12	chr8	12205759	12206389	630	True	200	5.891432605683804	878195	
measure	39	GGTLC5P	chr22	18340145	18345899	5754	True	200	5.919556990265846	1175734	
measure	40	TUBB8P8	chr3	198119721	198120778	1057	True	200	5.603331297636032	685993	
measure	41	LINC02205	chr15	70503907	70505928	2021	True	200	5.761801213026047	3691879	
measure	42	SNORD114-14	chr14	100972103	100972177	74	True	200	5.37575176358223	621703	
measure	43	AC008609.1	chr5	160195744	160204826	9082	True	200	5.912670411169529	5818206	
measure	44	ACKR1	chr1	159203307	159206500	3193	True	200	5.270507037639618	4398182	
measure	45	HLA-DMA	chr6	32948613	32969094	20481	True	200	6.150773264467716	325059	
measure	46	AC211469.2	chr7	72722885	72723089	204	True	200	6.292725503444672	902453	
measure	47	AC112512.1	chr3	47601715	47604677	2962	True	200	6.386907182633877	3836620	
measure	48	MAGEA9B	chrX	149581653	149587453	5800	True	200	4.877232380211353	1668020	
measure	49	L3MBTL2	chr22	41205205	41231271	26066	True	200	5.686097748577595	6266868	
measure	50	AC067931.2	chr8	140636281	140638283	2002	True	200	5.621119640767574	3928715	
measure	51	RN7SL741P	chr13	25944478	25944766	288	True	200	4.581958539783955	887460	
measure	52	AL365181.1	chr1	156509854	156511681	1827	True	200	4.7411937192082405	3797319	
measure	53	AC024579.1	chr5	68374765	68375292	527	True	200	5.109201781451702	816	
measure	54	IQCF5	chr3	51873721	51875584	1863	True	200	5.359764218330383	3108597	
measure	55	AL353765.1	chr13	61927090	61927272	182	True	200	4.5130913481116295	521208	
measure	56	NBPF15	chr1	144421386	144461674	40288	True	200	4.8655103370547295	5994553	
measure	57	DCAF8L2	chrX	27590382	27748821	158439	True	200	5.76743520796299	6268421	
measure	58	AL133173.2	chr10	38617255	38617344	89	True	200	6.336702577769756	306737	
measure	59	MIR645	chr20	50585786	50585879	93	True	200	5.769521661102772	700981	
measure	60	BCAP31	chrX	153700497	153724697	24200	True	200	5.263392373919487	6147333	
measure	61	LINC02230	chr5	73337906	73338533	627	True	200	4.6385078728199005	1974234	
measure	62	AC090181.1	chr15	77043680	77045160	1480	True	200	5.702910117805004	2914824	
measure	63	TVP23CP1	chr7	90631906	90632568	662	True	200	5.6243540942668915	1027474	
measure	64	AC111194.2	chr4	55053060	55092534	39474	True	200	5.860711067914963	6155132	
measure	65	AL445646.1	chr9	72445754	72445969	215	True	200	4.328909583389759	698367	
measure	66	TRAJ24	chr14	22519969	22520031	62	True	200	4.741382844746113	813	
measure	67	LINC02480	chr4	52044805	52046954	2149	True	200	4.808371856808662	2604468	
measure	68	AC093074.1	chr19	28394851	28396428	1577	True	200	8.880581825971603	2601516	
measure	69	AC013410.2	chr2	173705948	173706148	200	True	200	5.571426823735237	1015503	
measure	70	AC090621.1	chr18	60294151	60301118	6967	True	200	6.056813523173332	4478546	
measure	71	TNNT3	chr11	1919562	1938706	19144	True	200	6.360955812036991	6281465	
measure	72	TNFAIP8L1	chr19	4639518	4655568	16050	True	200	7.475488148629665	6230363	
measure	73	RPSAP72	chr6	80470071	80470428	357	True	200	5.277533121407032	1314893	
measure	74	C5orf46	chr5	147880726	147906538	25812	True	200	6.713501960039139	5947002	
measure	75	ASB6	chr9	129634604	129642169	7565	True	200	6.56040133535862	5969641	
measure	76	MIR548X2	chr13	65966330	65966429	99	True	200	5.294270657002926	484970	
measure	77	IGHEP1	chr14	105721794	105722527	733	True	200	5.116745732724667	32859	
measure	78	RRAGD	chr6	89364636	89412270	47634	True	200	5.280550040304661	6268256	
measure	79	EIF4BP3	chr9	96146007	96147856	1849	True	200	6.085898272693157	3281789	
measure	80	KDM2B	chr12	121429097	121581015	151918	True	200	5.505642153322697	6524088	
measure	81	MIR6785	chr17	75498548	75498628	80	True	200	7.386110953986645	844778	
measure	82	GUCY1A3	chr4	155666711	155732349	65638	True	200	5.877271182835102	6245808	
measure	83	AC131254.3	chr8	29864644	29871661	7017	True	200	6.423666574060917	4448824	
measure	84	IGFBP1	chr7	45888357	45893668	5311	True	200	6.739328779280186	5317611	
measure	85	EEF1A1P11	chr1	96446930	96448318	1388	True	200	5.691775895655155	2326716	
measure	86	NIFKP6	chr19	51396755	51403526	6771	True	200	6.483401171863079	5472123	
measure	87	AC004832.4	chr22	30421206	30421536	330	True	200	5.7500335574150085	657336	
measure	88	LINC00840	chr10	43859411	43895433	36022	True	200	6.5283051654696465	6231865	
measure	89	HLTF-AS1	chr3	149086332	149102823	16491	True	200	6.801239915192127	6004568	
measure	90	FBXO27	chr19	38990714	39032785	42071	True	200	7.761518403887749	6296186	
measure	91	MIR4780	chr2	88082519	88082599	80	True	200	6.1226910054683685	810	
measure	92	MYL6	chr12	56158161	56163496	5335	True	200	6.557231843471527	5224481	
measure	93	RPL3P1	chr21	36168970	36170180	1210	True	200	5.55706762522459	2977838	
measure	94	AC008676.3	chr5	157422439	157422873	434	True	200	5.939254596829414	1125895	
measure	95	PLUT	chr13	27819376	27917298	97922	True	200	5.655731737613678	6348938	
measure	96	P2RX3	chr11	57338374	57370600	32226	True	200	7.40743350237608	6274217	
measure	97	AC055720.2	chr12	26335864	26336950	1086	True	200	5.897281229496002	1494945	
measure	98	PFKFB4	chr3	48517684	48562015	44331	True	200	6.754639849066734	6306184	
measure	99	AC004889.1	chr7	144194858	144280547	85689	True	200	6.716556861996651	5933426	
measure	100	EML6	chr2	54723499	54972025	248526	True	200	6.598031260073185	6498720	
measure	101	AP000477.2	chr21	23960905	23967273	6368	True	200	5.581552684307098	4920574	
measure	102	RFWD3	chr16	74621394	74666881	45487	True	200	6.888536028563976	6289822	
measure	103	Z98259.2	chr1	5480787	5482028	1241	True	200	8.702308915555477	2943592	
measure	104	CYS1	chr2	10056780	10080944	24164	True	200	6.95572779327631	6281785	
measure	105	AL136018.1	chr14	24595723	24657774	62051	True	200	5.2214001044631	6245582	
measure	106	PRYP4	chrY	25975549	25988069	12520	True	200	3.6231470555067062	93896	
measure	107	IGHV3-43	chr14	106470264	106470800	536	True	200	5.1732180044054985	3333	
measure	108	RNA5SP187	chr5	88274258	88274376	118	True	200	5.18231188505888	814	
measure	109	AC016722.2	chr2	46899275	46908678	9403	True	200	6.408182546496391	5543902	
measure	110	SNORD62A	chr9	131485665	131485750	85	True	200	5.717407576739788	822	
measure	111	AC005532.2	chr7	7177952	7178324	372	True	200	6.707732453942299	615785	
measure	112	AC087650.1	chr17	43476198	43476665	467	True	200	7.000698626041412	1349216	
measure	113	RNU6-612P	chr2	60719640	60719741	101	True	200	5.02483806759119	491747	
measure	114	LINC01324	chr3	164714095	164831480	117385	True	200	6.261609695851803	6278068	
measure	115	C11orf54	chr11	93741591	93764749	23158	True	200	6.346417590975761	6100920	
measure	116	AC092138.2	chr16	65580668	65646947	66279	True	200	6.822593152523041	6254345	
measure	117	AP001979.2	chr11	133783671	133810376	26705	True	200	5.339281365275383	6205353	
measure	118	NHLRC2	chr10	113854661	113917194	62533	True	200	6.811531074345112	6234987	
measure	119	OR6N2	chr1	158774222	158781204	6982	True	200	5.339814364910126	4548714	
measure	120	PWRN4	chr15	23975172	24003435	28263	True	200	4.981269598007202	6099133	
measure	121	EXOSC1	chr10	97436142	97446017	9875	True	200	5.759177803993225	5848760	
measure	122	C4orf51	chr4	145680115	145771032	90917	True	200	5.862877070903778	6326568	
measure	123	AC104339.1	chr8	92144088	92144435	347	True	200	5.515077278017998	1367489	
measure	124	SAMM50P1	chr9	17447145	17448543	1398	True	200	6.037320151925087	2419054	
measure	125	AC091941.1	chr5	8080186	8080761	575	True	200	5.933956153690815	1719389	
measure	126	CICP11	chr7	55736779	55739605	2826	True	200	6.198436297476292	3744554	
measure	127	RNU6-221P	chr2	55456106	55456204	98	True	200	4.855602331459522	814	
measure	128	AC009005.1	chr19	567210	572228	5018	True	200	7.952982969582081	5379401	
measure	129	AC107375.1	chr8	140505813	140508043	2230	True	200	5.617074750363827	3488720	
measure	130	RIOK3P1	chr13	74828553	74830080	1527	True	200	5.459257401525974	2002172	
measure	131	CYCSP1	chr14	76633714	76634028	314	True	200	5.7021718099713326	884648	
measure	132	MAGEF1	chr3	184710367	184712002	1635	True	200	6.0368417873978615	3447432	
measure	133	FTLP2	chrX	30630298	30630825	527	True	200	5.347588874399662	1537589	
measure	134	AL603764.2	chr10	122624524	122624867	343	True	200	5.0856926292181015	1278837	
measure	135	RPL21P134	chrX	75384346	75384828	482	True	200	4.873842358589172	506725	
measure	136	AC104971.4	chr18	58659858	58660524	666	True	200	5.797877445816994	501003	
measure	137	RNU6-1340P	chr16	19012157	19012263	106	True	200	7.1546314880251884	379717	
measure	138	AL359881.2	chr1	7698303	7698872	569	True	200	8.824419312179089	1928362	
measure	139	AC092802.2	chr1	95243167	95278940	35773	True	200	5.906139612197876	5984327	
measure	140	RAB30	chr11	82973133	83071923	98790	True	200	6.18875415623188	6314695	
measure	141	AC079070.1	chr18	73711329	73715490	4161	True	200	5.422138765454292	4308479	
measure	142	AC068733.1	chr11	6362799	6365267	2468	True	200	6.178299091756344	3479203	
measure	143	AC105020.5	chr15	75645020	75645442	422	True	200	6.27402263879776	887912	
measure	144	AL035410.1	chr1	114459934	114460360	426	True	200	4.7195567190647125	1159164	
measure	145	VN1R33P	chr7	63401385	63402271	886	True	200	5.662762515246868	9297	
measure	146	AC009292.2	chr15	67832725	67873866	41141	True	200	6.088873162865639	6296321	
measure	147	UGT1A6	chr2	233691607	233773300	81693	True	200	6.998642086982727	6325548	
measure	148	SUB1P3	chr16	4562814	4563128	314	True	200	6.680776692926884	972171	
measure	149	SCN3B	chr11	123629187	123655244	26057	True	200	5.166757829487324	6210566	
measure	150	MARCH6	chr5	10353703	10440388	86685	True	200	6.509561337530613	6317694	
measure	151	IL17RC	chr3	9917074	9933630	16556	True	200	6.420162685215473	6127325	
measure	152	LCE3D	chr1	152579381	152580504	1123	True	200	4.708068452775478	1741768	
measure	153	AC016888.1	chr17	74747319	74748912	1593	True	200	7.510106109082699	3718297	
measure	154	BX293535.1	chr1	27525805	27530561	4756	True	200	9.151040740311146	5377046	
measure	155	AC005845.1	chr12	6155035	6160719	5684	True	200	6.474507823586464	5494641	
measure	156	KRT18P67	chr9	122837557	122838820	1263	True	200	5.939386449754238	2731256	
measure	157	ASL	chr7	66075798	66093558	17760	True	200	6.836727328598499	6170724	
measure	158	CDHR5	chr11	616565	626078	9513	True	200	5.767270728945732	832907	
measure	159	IL19	chr1	206798870	206842981	44111	True	200	7.319579496979713	6233325	
measure	160	RNU6-128P	chr4	158794590	158794696	106	True	200	5.11597965657711	481555	
measure	161	AL356968.2	chr1	48435967	48437223	1256	True	200	6.246140852570534	1941830	
measure	162	SUMO2P5	chr5	75225424	75225668	244	True	200	5.069290600717068	810	
measure	163	AC006455.2	chr7	63349154	63350059	905	True	200	5.240319184958935	1281335	
measure	164	MIR616	chr12	57519163	57519259	96	True	200	5.542123533785343	813	
measure	165	TRAV12-3	chr14	21965451	21966061	610	True	200	4.878864586353302	1537619	
measure	166	AC078882.1	chr2	142131178	142137830	6652	True	200	6.3876863270998	4899525	
measure	167	AL031281.2	chr1	22100613	22101360	747	True	200	8.123980738222599	739202	
measure	168	MIR6831	chr5	140563671	140563751	80	True	200	5.80732224881649	820	
measure	169	RNU7-138P	chr2	10744186	10744249	63	True	200	6.607166171073914	814	
measure	170	RBMXP2	chr9	30689105	30690272	1167	True	200	5.800099737942219	2810842	
measure	171	UGT1A1	chr2	233760248	233773299	13051	True	200	6.889524459838867	5923123	
measure	172	PI3	chr20	45174876	45176544	1668	True	200	6.249112159013748	3055740	
measure	173	RGPD8	chr2	112370092	112434488	64396	True	200	6.262630417943001	5954116	
measure	174	AC024451.2	chr8	47511034	47512141	1107	True	200	5.96274371445179	2752966	
measure	175	MTND3P22	chr4	49246601	49246915	314	True	200	5.12270575761795	186628	
measure	176	MLXIP	chr12	122078722	122147347	68625	True	200	5.757907725870609	6405606	
measure	177	SNN	chr16	11668414	11679159	10745	True	200	6.4780914559960365	6137781	
measure	178	BDNF	chr11	27654893	27722058	67165	True	200	6.409362226724625	6304262	
measure	179	EMC7	chr15	34084017	34101948	17931	True	200	4.857952684164047	5949137	
measure	180	AC020571.1	chr2	196260024	196264204	4180	True	200	5.805707909166813	4074543	
measure	181	CNTLN	chr9	17134982	17503923	368941	True	200	6.279877714812756	6498999	
measure	182	AC092718.3	chr16	81053587	81096296	42709	True	200	5.590530902147293	6307000	
measure	183	AC084824.3	chr12	32728169	32729024	855	True	200	5.834112204611301	2025402	
measure	184	AP004372.1	chr11	131770795	131771638	843	True	200	4.594652779400349	1565374	
measure	185	AL627230.7	chr9	67722083	67722683	600	True	200	4.142797574400902	36463	
measure	186	UBR3	chr2	169827458	170084131	256673	True	200	5.2307319939136505	6456632	
measure	187	SFMBT2	chr10	7158624	7411486	252862	True	200	7.408574357628822	6525320	
measure	188	AL355376.2	chr10	28806121	28813458	7337	True	200	5.931247226893902	5614414	
measure	189	LINC01097	chr4	13526319	13534335	8016	True	200	6.789785727858543	5803865	
measure	190	KLHL40	chr3	42685519	42692544	7025	True	200	7.133499547839165	5807804	
measure	191	MIR454	chr17	59137758	59137872	114	True	200	7.220399118959904	813	
measure	192	MTCO2P22	chr5	100052859	100053539	680	True	200	5.4146173149347305	1953790	
measure	193	APOOP2	chr3	87594838	87595376	538	True	200	4.969684854149818	808	
measure	194	ZNF793	chr19	37506939	37548762	41823	True	200	9.01323752105236	6239672	
measure	195	RN7SL70P	chr19	18957957	18958258	301	True	200	6.880826398730278	1369289	
measure	196	ADAMTS7	chr15	78759203	78811431	52228	True	200	7.227472268044949	6356372	
measure	197	HHIP-AS1	chr4	144642922	144661357	18435	True	200	5.823680251836777	5939939	
measure	198	AC004069.2	chr4	105102891	105104004	1113	True	200	5.245906248688698	1934177	
measure	199	OBP2B	chr9	133205277	133209250	3973	True	200	6.396678827702999	5092800	
measure	200	AC087222.1	chr17	82918282	82918785	503	True	200	4.202624246478081	1556267	
measure	201	VN1R78P	chr19	20583084	20583647	563	True	200	6.68303719162941	418353	
measure	202	AC010999.2	chr15	56887107	56888219	1112	True	200	5.446020603179932	2776535	
measure	203	AP001486.1	chr11	103045237	103045712	475	True	200	5.409770555794239	1311656	
measure	204	C1QL1P1	chr16	35574834	35575494	660	True	200	7.121218837797642	2553026	
measure	205	SNORD17	chr20	17962710	17962946	236	True	200	6.5251083970069885	1102769	
measure	206	TBPL1	chr6	133952170	133990432	38262	True	200	6.602582171559334	6188105	
measure	207	AC067930.6	chr8	143578358	143583304	4946	True	200	5.21334670484066	115534	
measure	208	RN7SL597P	chr13	41121876	41122171	295	True	200	5.44043643027544	932029	
measure	209	THAP6	chr4	75513946	75550473	36527	True	200	5.629426442086697	6168361	
measure	210	RNU2-59P	chr10	101364845	101365035	190	True	200	6.317367374897003	959946	
measure	211	AC079781.1	chr7	97906429	97906822	393	True	200	5.353725299239159	166748	
measure	212	PALM2-AKAP2	chr9	109780309	110172512	392203	True	200	7.058335334062576	6524506	
measure	213	TRGVB	chr7	38295763	38296233	470	True	200	6.489548332989216	617173	
measure	214	BPIFB4	chr20	33079644	33111751	32107	True	200	7.062184579670429	6245279	
measure	215	PKM	chr15	72199029	72231822	32793	True	200	6.194490373134613	6261205	
measure	216	AP000776.1	chr11	101765935	101769961	4026	True	200	5.976406641304493	3487497	
measure	217	AC024337.2	chr15	96080713	96084584	3871	True	200	5.601284362375736	3799781	
measure	218	ATG4B	chr2	241637213	241673857	36644	True	200	4.360072210431099	6361994	
measure	219	AL365277.1	chr1	39522280	39546187	23907	True	200	9.173441417515278	6209658	
measure	220	MIR3160-2	chr11	46451807	46451887	80	True	200	6.843483433127403	819	
measure	221	ATP6V1B1-AS1	chr2	70941817	70948610	6793	True	200	6.411257550120354	5539887	
measure	222	MS4A4A	chr11	60280541	60308972	28431	True	200	6.26727731525898	6045552	
measure	223	NAP1L2	chrX	73212299	73214848	2549	True	200	5.469373874366283	3001057	
measure	224	CR383658.1	chr14	18333726	18341859	8133	True	200	4.848716400563717	2282282	
measure	225	CDRT15P2	chr17	15764703	15765664	961	True	200	6.731656610965729	1866991	
measure	226	AL359636.3	chr9	122400970	122402906	1936	True	200	5.952386982738972	3291330	
measure	227	RPL17P49	chrX	12395757	12396167	410	True	200	5.010599382221699	896165	
measure	228	AC113404.1	chr5	76285542	76311462	25920	True	200	5.996273525059223	6036240	
measure	229	OR5BN1P	chr11	56132666	56133494	828	True	200	5.531627140939236	975315	
measure	230	AC025423.3	chr12	68805011	68805479	468	True	200	6.026056595146656	1841616	
measure	231	SEPHS1P1	chr7	64852397	64853354	957	True	200	6.011158362030983	2114231	
measure	232	GPR156	chr3	120164645	120285094	120449	True	200	6.538493134081364	6311263	
measure	233	AC109446.3	chr16	17134504	17138736	4232	True	200	7.4404972940683365	4905387	
measure	234	ZNF577	chr19	51804816	51890950	86134	True	200	6.14498844742775	6319933	
measure	235	TRMO	chr9	97904489	97922570	18081	True	200	6.372227363288403	6004418	
measure	236	RPL15P21	chr17	10860535	10861462	927	True	200	6.769059702754021	2695756	
measure	237	CHORDC2P	chr14	89736965	89738391	1426	True	200	5.749863602221012	3025509	
measure	238	AP1M1	chr19	16197578	16245907	48329	True	200	8.658094577491283	6362928	
measure	239	AF127577.4	chr21	14818843	15014430	195587	True	200	5.868340872228146	6396712	
measure	240	RN7SKP198	chr7	102857450	102857755	305	True	200	5.641557075083256	1318468	
measure	241	AC109630.1	chr15	39472703	39481206	8503	True	200	4.917449541389942	5275757	
measure	242	IL11RA	chr9	34650702	34661892	11190	True	200	6.196593850851059	5929610	
measure	243	PHKA2-AS1	chrX	18890296	18894497	4201	True	200	5.3987444415688515	4455053	
measure	244	AP001063.1	chr21	44347767	44348295	528	True	200	4.495265759527683	1952150	
measure	245	RPL23AP61	chr10	46063250	46063715	465	True	200	5.910736136138439	1865120	
measure	246	AL049734.1	chrX	131492279	131492886	607	True	200	5.059725947678089	1426159	
measure	247	AC092634.7	chr7	63993904	63994006	102	True	200	5.754988014698029	816	
measure	248	LINC01547	chr21	44932814	44939913	7099	True	200	4.593751884996891	5768385	
measure	249	AL391069.2	chr1	151280024	151281929	1905	True	200	5.074284620583057	4212182	
measure	250	MIR5706	chr5	119154637	119154716	79	True	200	5.0714224725961685	371053	
measure	251	MIR3166	chr11	88176502	88176593	91	True	200	5.346379444003105	559614	
measure	252	LINC01527	chr1	152930040	152949210	19170	True	200	4.833550900220871	5827850	
measure	253	AC013356.1	chr15	40480752	40481315	563	True	200	6.240392029285431	1277907	
measure	254	AC105001.2	chr8	10725399	10839847	114448	True	200	6.884691305458546	6461644	
measure	255	RN7SKP219	chr10	21785292	21785587	295	True	200	6.702796563506126	1072063	
measure	256	MIR6741	chr1	225922080	225922142	62	True	200	6.521400421857834	791696	
measure	257	LSM11	chr5	157743695	157760709	17014	True	200	6.590463273227215	6041245	
measure	258	ACOT6	chr14	73610945	73619888	8943	True	200	6.379154190421104	5733240	
measure	259	TTN-AS1	chr2	178521183	178779963	258780	True	200	6.196347437798977	6495529	
measure	260	SUSD3	chr9	93058688	93085138	26450	True	200	6.7900328785181046	6247609	
measure	261	AC091170.1	chr18	49499390	49501860	2470	True	200	6.17560076713562	4012468	
measure	262	RGS1	chr1	192575727	192580031	4304	True	200	5.594476014375687	2955687	
measure	263	AC121161.2	chr4	158490766	158509908	19142	True	200	5.844694882631302	5721355	
measure	264	LINC02123	chr5	7346986	7347977	991	True	200	6.0644206777215	1670450	
measure	265	AC099062.1	chr1	87212669	87264741	52072	True	200	6.0227255672216415	6217641	
measure	266	TRMT10BP1	chr8	108652373	108653315	942	True	200	5.364956185221672	1066455	
measure	267	MT1DP	chr16	56643705	56644786	1081	True	200	6.0807395949959755	2312850	
measure	268	CLEC4D	chr12	8509475	8522366	12891	True	200	6.682744175195694	5734656	
measure	269	AC109466.1	chr5	164296696	165171643	874947	True	200	5.648790962994099	6530021	
measure	270	CNTN3	chr3	74262568	74521140	258572	True	200	7.271276697516441	6410952	
measure	271	KIF5C	chr2	148875250	149026759	151509	True	200	6.509702250361443	6293848	
measure	272	C19orf44	chr19	16496311	16521352	25041	True	200	8.560281611979008	6282105	
measure	273	BLOC1S1	chr12	55716037	55720087	4050	True	200	5.959842458367348	4867633	
measure	274	RARRES2P1	chr3	75658534	75659014	480	True	200	5.499678768217564	1775160	
measure	275	AL080276.2	chr6	152983331	152990541	7210	True	200	6.306834734976292	5133665	
measure	276	CPT1C	chr19	49690898	49713731	22833	True	200	6.4422590136528015	6256770	
measure	277	AC092902.1	chr3	125787888	125788146	258	True	200	5.429623462259769	3299	
measure	278	AC084364.2	chr12	103505411	103506174	763	True	200	6.089212626218796	1805385	
measure	279	AL139413.1	chr1	68381441	68381657	216	True	200	6.110908128321171	657157	
measure	280	pRNA	chr8	46028804	46028892	88	True	200	5.664785631000996	784893	
measure	281	LRRC8A	chr9	128882112	128918039	35927	True	200	6.234153501689434	6329536	
measure	282	AC009276.1	chr7	134684144	134687990	3846	True	200	6.748056888580322	4584736	
measure	283	AC006145.1	chr7	82009177	82029955	20778	True	200	5.8097169771790504	5522987	
measure	284	AL358215.2	chr1	110472543	110474980	2437	True	200	5.40788259357214	3571066	
measure	285	AC022884.2	chr18	24685772	24686351	579	True	200	5.576603092253208	433747	
measure	286	RPL22P22	chrX	82506434	82506812	378	True	200	4.836738266050816	928280	
measure	287	SNORD115	chr10	29575306	29575381	75	True	200	6.282483570277691	701041	
measure	288	AF117829.2	chr8	89826593	89833564	6971	True	200	5.812550336122513	4962013	
measure	289	RPUSD3	chr3	9837849	9844602	6753	True	200	6.580925069749355	5721112	
measure	290	GAPDHP19	chrY	19327569	19328573	1004	True	200	3.6499053463339806	449886	
measure	291	AC139272.1	chr5	70751184	70795914	44730	True	200	5.39386060833931	946605	
measure	292	KPNA2	chr17	68035519	68046842	11323	True	200	7.8150031715631485	5901761	
measure	293	VSTM4	chr10	49014245	49115509	101264	True	200	6.218102857470512	6347157	
measure	294	RN7SKP140	chr20	21424758	21425041	283	True	200	6.755240365862846	1010521	
measure	295	AC093484.1	chr17	16427474	16428719	1245	True	200	6.819659166038036	2964232	
measure	296	ZNF513	chr2	27377231	27380790	3559	True	200	6.931759998202324	4919878	
measure	297	C6orf141	chr6	49550646	49561907	11261	True	200	5.940488785505295	5717347	
measure	298	PABPN1	chr14	23321289	23326185	4896	True	200	5.151335813105106	5104258	
measure	299	AC092164.1	chr2	28708953	28736205	27252	True	200	6.011858008801937	6159527	
measure	300	AC114550.2	chr8	8555738	8560965	5227	True	200	6.498938798904419	4012618	
measure	301	PSMB11	chr14	23042167	23044276	2109	True	200	4.599312454462051	3929302	
measure	302	KRTAP10-2	chr21	44550357	44551505	1148	True	200	4.466999530792236	3296088	
measure	303	NARS2	chr11	78435961	78574874	138913	True	200	7.481310963630676	6373627	
measure	304	PTPRU	chr1	29236516	29326813	90297	True	200	9.029814876616001	6431477	
measure	305	MIR410	chr14	101065912	101065991	79	True	200	5.459682546555996	824242	
measure	306	AC244100.3	chr17	36001419	36011618	10199	True	200	6.892489708960056	2944597	
measure	307	AL928921.2	chr1	9425094	9440564	15470	True	200	7.151060305535793	6149762	
measure	308	PDILT	chr16	20359170	20404737	45567	True	200	8.024531565606594	6256739	
measure	309	MT4	chr16	56565049	56568957	3908	True	200	6.347341015934944	4199847	
measure	310	LINC01219	chr11	1991096	1993469	2373	True	200	6.351066134870052	1725375	
measure	311	HOXB6	chr17	48595751	48604992	9241	True	200	8.00210203975439	6019530	
measure	312	BNIP3P20	chr19	20351502	20352079	577	True	200	8.624141409993172	803205	
measure	313	AC012358.1	chr2	55214387	55216126	1739	True	200	6.191046081483364	2474718	
measure	314	RPL21P110	chr13	72703693	72704138	445	True	200	5.636953480541706	973611	
measure	315	DSG4	chr18	31376777	31414912	38135	True	200	6.090705469250679	6155601	
measure	316	CIAPIN1P	chr18	26599408	26600338	930	True	200	5.077675752341747	1979428	
measure	317	MT-ATP8	chrM	8366	8572	206	True	200	4.148426741361618	4980691	
measure	318	AL355989.2	chr10	43728217	43728728	511	True	200	5.959058195352554	2094150	
measure	319	GNAQP1	chr2	131423801	131424867	1066	True	200	5.671319514513016	2357541	
measure	320	POMGNT1	chr1	46188682	46220305	31623	True	200	6.794643819332123	6271133	
measure	321	AC019278.1	chr15	33105758	33106236	478	True	200	4.326098054647446	936633	
measure	322	ZPLD1	chr3	102099244	102479841	380597	True	200	5.859045684337616	6474275	
measure	323	COL4A6	chrX	108155607	108439497	283890	True	200	5.442069247364998	6365103	
measure	324	GPR19	chr12	12660891	12696207	35316	True	200	6.541233085095882	6196729	
measure	325	AC112191.2	chr5	160258253	160258585	332	True	200	5.119214184582233	953509	
measure	326	ST3GAL1	chr8	133454848	133571940	117092	True	200	5.98126744478941	6465502	
measure	327	OR7E90P	chr2	158874642	158875670	1028	True	200	5.013338498771191	1830306	
measure	328	RNASEH2CP1	chrY	2789827	2790328	501	True	200	3.6939350590109825	707126	
measure	329	ZFPM2-AS1	chr8	105780246	106060524	280278	True	200	5.91052158921957	6426993	
measure	330	HNF1B	chr17	37686432	37745247	58815	True	200	6.248759567737579	5081337	
measure	331	IMPDH1P10	chr2	201137516	201140027	2511	True	200	7.281577371060848	4154727	
measure	332	CYP3A5	chr7	99648194	99679998	31804	True	200	6.3829032480716705	6102178	
measure	333	NUDT10	chrX	51332231	51337525	5294	True	200	5.617537133395672	4568003	
measure	334	KRTCAP2	chr1	155169408	155173475	4067	True	200	5.437277115881443	4722232	
measure	335	FAM167A	chr8	11421463	11474715	53252	True	200	6.65310587733984	6362148	
measure	336	AC069307.1	chr4	56960927	56961373	446	True	200	5.366948157548904	1058359	
measure	337	AC011472.4	chr19	11221083	11221573	490	True	200	8.483345001935959	728731	
measure	338	AC021755.4	chr15	40078892	40079347	455	True	200	6.735126592218876	1016316	
measure	339	FKBP10	chr17	41812680	41823217	10537	True	200	7.55587350577116	6052612	
measure	340	AJ239321.1	chr21	13120244	13120807	563	True	200	5.284541003406048	561312	
measure	341	AC008750.4	chr19	51345169	51353293	8124	True	200	6.121852681040764	5742732	
measure	342	PSMF1	chr20	1113263	1189415	76152	True	200	7.537665739655495	6334045	
measure	343	RPL21P67	chr6	131469059	131469536	477	True	200	5.861644893884659	1157050	
measure	344	AC133528.1	chr2	241581922	241582726	804	True	200	3.9275190979242325	2450556	
measure	345	AC110998.1	chr8	66984135	66986187	2052	True	200	5.853297747671604	3488749	
measure	346	WIZP1	chr11	23403805	23406103	2298	True	200	6.538576617836952	4366241	
measure	347	SNORA63C	chr1	36418450	36418578	128	True	200	6.577316299080849	812	
measure	348	AC092447.8	chr7	56493124	56497285	4161	True	200	6.559572376310825	4515512	
measure	349	SPRY4	chr5	142310427	142326455	16028	True	200	6.820396028459072	6156176	
measure	350	LINC01868	chr2	100669892	100676038	6146	True	200	6.1401535123586655	5428153	
measure	351	AC022893.1	chr8	73052178	73063061	10883	True	200	5.482307858765125	5423528	
measure	352	MIR655	chr14	101049550	101049646	96	True	200	5.186474956572056	525358	
measure	353	PCOLCE-AS1	chr7	100589402	100604206	14804	True	200	6.272323861718178	6160206	
measure	354	AL356289.1	chr1	48050659	48091736	41077	True	200	6.4167225286364555	6223685	
measure	355	TINAGL1	chr1	31576485	31587686	11201	True	200	7.201530180871487	6014119	
measure	356	MIR759	chr13	52810050	52810140	90	True	200	5.221127316355705	813	
measure	357	PCGF2	chr17	38733897	38749817	15920	True	200	5.9425744488835335	323946	
measure	358	TRDD1	chr14	22438547	22438554	7	True	200	4.486669152975082	811	
measure	359	TP53BP1	chr15	43403061	43510728	107667	True	200	7.004407837986946	6375303	
measure	360	PTGES3P2	chr2	25822469	25822950	481	True	200	6.480217352509499	1428099	
measure	361	AC113418.1	chr5	120345907	120404837	58930	True	200	6.560402236878872	6157680	
measure	362	HDC	chr15	50241947	50266026	24079	True	200	6.1076549887657166	6164956	
measure	363	SNX31	chr8	100572882	100663415	90533	True	200	5.885829120874405	6332087	
measure	364	AC010761.6	chr17	28727258	28727739	481	True	200	5.763414695858955	1805508	
measure	365	ZRANB1	chr10	124942123	124988189	46066	True	200	5.760316960513592	6259864	
measure	366	DNAJC19P8	chr1	245282831	245283089	258	True	200	4.248052813112736	754663	
measure	367	AC084033.2	chr12	57983795	57984761	966	True	200	5.796706832945347	71047	
measure	368	SMLR1	chr6	130827406	130837135	9729	True	200	6.774927958846092	5592151	
measure	369	MCM9	chr6	118813442	118935162	121720	True	200	6.218709155917168	6352353	
measure	370	AC105129.2	chr15	65301922	65302311	389	True	200	5.530448965728283	1540080	
measure	371	IGHD1OR15-1B	chr15	21017800	21017816	16	True	200	4.057312063872814	825	
measure	372	KBTBD11-OT1	chr8	1763888	1958627	194739	True	200	5.770105749368668	1203803	
measure	373	KRT18P47	chr15	88960070	88961046	976	True	200	5.483905553817749	2648443	
measure	374	MIR1268B	chr17	80098828	80098877	49	True	200	4.103241831064224	745212	
measure	375	OR7E4P	chr11	71620020	71621032	1012	True	200	6.881946869194508	1674429	
measure	376	AP004607.4	chr11	90051837	90053736	1899	True	200	5.619076870381832	2371029	
measure	377	FAM182B	chr20	25763466	25868225	104759	True	200	7.247361488640308	6327544	
measure	378	RSL24D1P3	chr7	65335174	65335668	494	True	200	6.011058397591114	1067717	
measure	379	WBP1LP4	chr5	181378695	181379038	343	True	200	4.770421147346497	820	
measure	380	MIR5047	chr17	64501214	64501313	99	True	200	7.050551652908325	964295	
measure	381	AC048341.2	chr12	62602752	62622213	19461	True	200	6.349013350903988	6010335	
measure	382	PRR5	chr22	44668547	44737681	69134	True	200	5.757413245737553	6459369	
measure	383	MTATP6P25	chr6	91726810	91727070	260	True	200	5.318083852529526	1047909	
measure	384	ERICH2	chr2	170783786	170798971	15185	True	200	5.949942916631699	5539105	
measure	385	AGAP1	chr2	235494089	236131800	637711	True	200	7.069138549268246	6602988	
measure	386	MRPL21	chr11	68891276	68903835	12559	True	200	7.045392923057079	6071146	
measure	387	AP003170.1	chr11	113820856	113821885	1029	True	200	5.458097092807293	2259228	
measure	388	OR1M1	chr19	9087061	9095669	8608	True	200	9.084790118038654	5703629	
measure	389	AL365396.1	chr9	102922574	102923244	670	True	200	6.140725553035736	1053937	
measure	390	TMED8	chr14	77335021	77377109	42088	True	200	6.370752461254597	6227386	
measure	391	RNU6-351P	chr4	104974672	104974771	99	True	200	5.124223083257675	902697	
measure	392	KF456110.1	chr15	81385390	81385774	384	True	200	4.911131404340267	1032842	
measure	393	AC019209.1	chr12	25882955	25885855	2900	True	200	6.361447289586067	4547356	
measure	394	AP003354.1	chr8	102891876	102893608	1732	True	200	5.4767004400491714	2748299	
measure	395	AC008696.1	chr5	143752090	143752704	614	True	200	5.831744432449341	2048054	
measure	396	TMEM167B	chr1	109089803	109096934	7131	True	200	5.987658329308033	5384715	
measure	397	AC135050.1	chr16	31056460	31062803	6343	True	200	7.620374366641045	5632478	
measure	398	SNX18P1Y	chrY	11178306	11178816	510	True	200	3.6179670095443726	572528	
measure	399	HIVEP2	chr6	142751467	142956698	205231	True	200	6.119208037853241	6435327	
measure	400	CCKBR	chr11	6259736	6272127	12391	True	200	6.266784109175205	5901150	
measure	401	AL050303.4	chr21	13679300	13681138	1838	True	200	4.9492917731404305	423119	
measure	402	LINC00644	chr14	62134149	62139973	5824	True	200	6.159192956984043	4588836	
measure	403	AC241585.3	chr1	145214851	145215938	1087	True	200	4.503257900476456	1050809	
measure	404	LINC00511	chr17	72323123	72640472	317349	True	200	7.830254562199116	6532144	
measure	405	LINC01118	chr2	46816668	46822657	5989	True	200	6.652135029435158	5020216	
measure	406	PPM1G	chr2	27381194	27409687	28493	True	200	6.837770149111748	6246586	
measure	407	SDC4P	chr22	30481311	30481911	600	True	200	6.1291506588459015	2241776	
measure	408	AL603865.2	chr6	121641009	121641221	212	True	200	5.968247503042221	592514	
measure	409	AC233263.1	chr2	90359809	90360032	223	True	200	5.347088098526001	32321	
measure	410	FP236383.1	chr21	8380665	8410645	29980	True	200	5.797081172466278	6014675	
measure	411	AC080013.5	chr3	158801257	158801935	678	True	200	6.156600818037987	2429694	
measure	412	AC115522.1	chr19	43794309	43795658	1349	True	200	5.625385567545891	2044146	
measure	413	AC005000.2	chrX	115659713	115660022	309	True	200	4.746232897043228	495958	
measure	414	RN7SKP250	chr12	109662863	109663183	320	True	200	6.016446560621262	1003777	
measure	415	TUBB8P9	chr1	227506182	227508292	2110	True	200	6.414680853486061	1275950	
measure	416	AC107074.1	chr4	151799500	151801348	1848	True	200	5.450665161013603	2667286	
measure	417	AC005785.2	chr19	15383202	15383832	630	True	200	8.252524010837078	1026420	
measure	418	POC1A	chr3	52075253	52154690	79437	True	200	7.234632752835751	6381811	
measure	419	AC090415.2	chr18	71000477	71011490	11013	True	200	6.649719268083572	5077018	
measure	420	AC018754.1	chr5	87376256	87377180	924	True	200	5.421183787286282	1586824	
measure	421	TMEM125	chr1	43269994	43274002	4008	True	200	6.28482998162508	5161187	
measure	422	AC020703.1	chr4	153720327	153727722	7395	True	200	5.013279281556606	4458790	
measure	423	ARIH2	chr3	48918821	48986382	67561	True	200	5.794651046395302	6346409	
measure	424	RNA5SP82	chr1	247204570	247204661	91	True	200	3.837750233709812	683401	
measure	425	NEBL	chr10	20779973	21174187	394214	True	200	7.084744215011597	6523331	
measure	426	AC114689.1	chr18	67788268	67791035	2767	True	200	5.401384927332401	4069092	
measure	427	LINC01227	chr16	80566794	80572808	6014	True	200	5.578654356300831	4904311	
measure	428	AC092442.1	chr4	6064977	6070162	5185	True	200	6.803018271923065	5028195	
measure	429	AC063944.2	chr3	107327830	107329197	1367	True	200	5.237882994115353	2048612	
measure	430	RUVBL2	chr19	48993448	49015995	22547	True	200	6.076456360518932	6254360	
measure	431	AC018529.2	chr18	77112602	77115726	3124	True	200	5.572882644832134	4571766	
measure	432	AL355472.3	chr1	234357006	234365828	8822	True	200	7.118111796677113	5379500	
measure	433	AC006987.1	chrY	10169788	10170314	526	True	200	3.811678797006607	1276391	
measure	434	MYNN	chr3	169772831	169789716	16885	True	200	6.24061706662178	5860230	
measure	435	GABARAPL1	chr12	10212458	10223130	10672	True	200	6.581044614315033	5749252	
measure	436	ADM2	chr22	50481556	50486440	4884	True	200	5.422124773263931	5637926	
measure	437	TGM3	chr20	2296001	2341078	45077	True	200	6.990009918808937	6287897	
measure	438	AC005291.1	chr17	10320392	10341458	21066	True	200	7.585669316351414	6208191	
measure	439	RNU1-74P	chr1	232832017	232832187	170	True	200	6.019982159137726	502186	
measure	440	SMPD5	chr8	144049079	144051522	2443	True	200	5.83640068769455	4711664	
measure	441	AC008133.1	chr17	33111858	33131743	19885	True	200	6.301979973912239	6082660	
measure	442	RNU6-1124P	chrX	42174279	42174385	106	True	200	4.998608432710171	575258	
measure	443	RBP1	chr3	139517434	139539829	22395	True	200	6.406491853296757	6111514	
measure	444	MIR7155	chr11	64341849	64341904	55	True	200	6.615896105766296	815	
measure	445	CHEK2	chr22	28687743	28742422	54679	True	200	6.308801509439945	6297134	
measure	446	RPSAP45	chr6	112355841	112356714	873	True	200	5.3539431020617485	1606325	
measure	447	AL096861.1	chrX	147476324	147476446	122	True	200	4.7666653618216515	525472	
measure	448	PLBD1	chr12	14503661	14568349	64688	True	200	6.20879577845335	6294015	
measure	449	MPDZ	chr9	13105704	13279590	173886	True	200	7.39539448171854	6354572	
measure	450	HMGN1P2	chr21	31706555	31706864	309	True	200	5.12538293749094	1060248	
measure	451	AC106872.10	chr4	165007086	165007959	873	True	200	5.166260905563831	2679995	
measure	452	AC147651.3	chr7	603185	608482	5297	True	200	7.490434512495995	5526677	
measure	453	AL117336.1	chr10	35219894	35230598	10704	True	200	6.987206697463989	5661216	
measure	454	AC004080.5	chr7	27147366	27152598	5232	True	200	5.888664461672306	5623401	
measure	455	NF1P7	chr14	18899942	18909673	9731	True	200	4.824510581791401	1618203	
measure	456	ADRA1D	chr20	4220631	4249074	28443	True	200	6.900320544838905	6268220	
measure	457	RNA5SP437	chr17	31963805	31963933	128	True	200	5.7566410675644875	1050080	
measure	458	RN7SKP53	chr11	99120176	99120490	314	True	200	5.662743337452412	1064027	
measure	459	MIR372	chr19	53787890	53787956	66	True	200	5.6389148235321045	787483	
measure	460	ANGPTL4	chr19	8363289	8374373	11084	True	200	9.158761695027351	6118228	
measure	461	COX15	chr10	99711844	99732100	20256	True	200	7.083919771015644	6066528	
measure	462	AC107918.1	chr8	12033646	12034612	966	True	200	6.230843596160412	2197075	
measure	463	AC104698.1	chr2	30209995	30210307	312	True	200	6.525328189134598	1395462	
measure	464	TREML5P	chr6	41247369	41249649	2280	True	200	5.652270771563053	3123144	
measure	465	RNU6-721P	chr18	15320840	15320944	104	True	200	5.7014950811862946	455528	
measure	466	AL360270.1	chr1	110943467	110952848	9381	True	200	5.826524972915649	5154300	
measure	467	ARL2BPP3	chr13	36789332	36795050	5718	True	200	5.485844075679779	4426004	
measure	468	PCNPP3	chr12	65645992	65646462	470	True	200	5.889258533716202	1363631	
measure	469	Z98200.1	chr6	108030249	108030718	469	True	200	5.128308117389679	868590	
measure	470	AC090921.1	chr8	124192671	124247398	54727	True	200	5.9625532776117325	6271042	
measure	471	RNU6-1038P	chr18	21879801	21879904	103	True	200	4.7656053975224495	815532	
measure	472	AC007365.1	chr2	64644612	64646698	2086	True	200	6.024626851081848	3201236	
measure	473	AC209007.1	chr1	31487589	31488930	1341	True	200	8.56443815678358	2836780	
measure	474	AL357312.1	chrX	98348451	98348748	297	True	200	4.4740107879042625	816	
measure	475	SKP2	chr5	36151989	36184319	32330	True	200	6.58101636916399	6155973	
measure	476	HOMER2	chr15	82836946	82986153	149207	True	200	6.359219215810299	6466100	
measure	477	AL513128.1	chr10	22361172	22413067	51895	True	200	6.988226599991322	6177035	
measure	478	NUCB1-AS1	chr19	48910930	48918891	7961	True	200	5.888112962245941	5742460	
measure	479	AC093162.1	chr2	85262144	85262267	123	True	200	5.549673534929752	652133	
measure	480	C8orf17	chr8	139931172	139933946	2774	True	200	5.672613851726055	4426867	
measure	481	SAMD15	chr14	77376689	77391497	14808	True	200	6.338477589190006	6012101	
measure	482	AL627308.2	chr1	227264776	227265207	431	True	200	6.41350656747818	1156438	
measure	483	AL353898.3	chr1	54033126	54034880	1754	True	200	6.133485905826092	3040450	
measure	484	AC079809.1	chr7	153144313	153144588	275	True	200	6.447883225977421	1233684	
measure	485	LAMC3	chr9	131009082	131094473	85391	True	200	6.778823144733906	6474080	
measure	486	AC093677.2	chr4	74156511	74158373	1862	True	200	5.516190767288208	3323101	
measure	487	MRPL39	chr21	25585656	25607517	21861	True	200	5.313965491950512	5995080	
measure	488	FUBP1	chr1	77944055	77979110	35055	True	200	5.6415882259607315	6157310	
measure	489	AL606534.5	chr1	243054861	243056394	1533	True	200	3.6616423428058624	46124	
measure	490	AP001330.5	chr8	101208148	101208558	410	True	200	5.172769360244274	826	
measure	491	AC022400.1	chr10	73813518	73814737	1219	True	200	6.124260358512402	2907067	
measure	492	AP000692.2	chr21	36319792	36320670	878	True	200	4.946319490671158	2704866	
measure	493	RPS29P4	chr1	175297080	175297240	160	True	200	5.677912071347237	733823	
measure	494	CDRT1	chr17	15565483	15619512	54029	True	200	7.330068491399288	6235231	
measure	495	AC079858.1	chr4	168647896	168648587	691	True	200	5.231009550392628	1832787	
measure	496	NUP210P2	chr3	11900011	11901245	1234	True	200	6.1794430911540985	19668	
measure	497	RNU6-412P	chr4	46531237	46531342	105	True	200	5.036745175719261	814	
measure	498	SEMG2	chr20	45221300	45224458	3158	True	200	6.512262843549252	3394515	
measure	499	FAAP24	chr19	32972209	32978222	6013	True	200	9.043061502277851	5548705	
measure	500	AC073063.1	chr7	99442890	99443496	606	True	200	6.016866117715836	1371887	
measure	501	AC103957.1	chr8	8414690	8424632	9942	True	200	6.571958094835281	5558411	
measure	502	KATNAL2	chr18	46917492	47102243	184751	True	200	6.686294570565224	6427604	
measure	503	AP003108.3	chr11	61352244	61354477	2233	True	200	7.429600015282631	3729424	
measure	504	OR1A1	chr17	3207539	3218896	11357	True	200	7.024234227836132	5722230	
measure	505	RN7SL386P	chr1	21987481	21987777	296	True	200	8.53050222247839	509961	
measure	506	Z98044.1	chr1	9197143	9198906	1763	True	200	6.900653995573521	3945117	
measure	507	AL590428.1	chr6	73693903	73696131	2228	True	200	5.695027053356171	3713036	
measure	508	AC092916.1	chr3	111466313	111497095	30782	True	200	5.7882575541734695	5917912	
measure	509	AC133041.1	chr3	75540049	75580199	40150	True	200	7.461630627512932	6174256	
measure	510	BCAT1	chr12	24810022	24949459	139437	True	200	6.433254763484001	6389360	
measure	511	MOK	chr14	102224500	102305200	80700	True	200	6.105485983192921	6429452	
measure	512	RNU7-34P	chr5	118758211	118758274	63	True	200	5.259923949837685	822	
measure	513	RNA5SP228	chr7	24132705	24132837	132	True	200	6.617751561105251	420527	
measure	514	TLX2	chr2	74513463	74517147	3684	True	200	6.342718340456486	5287152	
measure	515	RBPJP5	chr9	39739747	39741193	1446	True	200	5.397210381925106	135132	
measure	516	SDC3	chr1	30869467	30908761	39294	True	200	7.255780927836895	6301854	
measure	517	AC020928.2	chr19	36773712	36775908	2196	True	200	8.648722000420094	3529664	
measure	518	AC010468.2	chr5	111265809	111270089	4280	True	200	5.016399808228016	3741510	
measure	519	ZNF688	chr16	30569346	30572734	3388	True	200	7.69024957716465	5127914	
measure	520	MIR342	chr14	100109655	100109753	98	True	200	5.474149577319622	643171	
measure	521	NKX2-3	chr10	99532933	99536524	3591	True	200	6.576821759343147	5291310	
measure	522	FAM186B	chr12	49582885	49605639	22754	True	200	6.363930106163025	6138850	
measure	523	RN7SL716P	chr17	59059226	59059493	267	True	200	7.710099011659622	918851	
measure	524	RN7SL845P	chr7	152757662	152757951	289	True	200	6.3474720641970634	1141550	
measure	525	RN7SKP195	chr1	237120807	237121109	302	True	200	6.087493523955345	945479	
measure	526	AL392046.2	chr10	34969909	34975578	5669	True	200	6.941150642931461	5245816	
measure	527	AC016597.2	chr16	27687182	27687522	340	True	200	7.700063586235046	855759	
measure	528	CDC42P3	chr8	142995850	142996482	632	True	200	5.236658871173859	1053042	
measure	529	AC108724.1	chr3	75590298	75590649	351	True	200	6.657507061958313	1483112	
measure	530	TUBB2BP1	chr6	3177044	3179764	2720	True	200	6.658001244068146	3727033	
measure	531	ABCC4	chr13	95019829	95301446	281617	True	200	6.709773808717728	6517547	
measure	532	AP003168.2	chr11	75914201	75915213	1012	True	200	6.875272862613201	1795695	
measure	533	PYCARD-AS1	chr16	31201885	31203452	1567	True	200	6.256382927298546	3634531	
measure	534	SNORA35B	chrX	115126316	115126444	128	True	200	4.6315338388085365	600692	
measure	535	NEFM	chr8	24913012	24919098	6086	True	200	6.510147549211979	5575455	
measure	536	LINC01979	chr17	79915252	79926725	11473	True	200	7.876419574022293	6149357	
measure	537	AL096700.1	chrX	18838709	18839452	743	True	200	5.238250143826008	1292377	
measure	538	MARK2P15	chr10	83311628	83314475	2847	True	200	6.367706574499607	3287779	
measure	539	RNU2-15P	chr1	65415816	65416006	190	True	200	5.733430407941341	639514	
measure	540	MICAL2	chr11	12094008	12263789	169781	True	200	6.918847978115082	6485654	
measure	541	AC138430.1	chr19	19254748	19273369	18621	True	200	9.249729752540588	6211899	
measure	542	AC092756.1	chr15	59266720	59271162	4442	True	200	6.9516283720731735	4663667	
measure	543	INTS4P1	chr7	65141032	65234216	93184	True	200	6.721427381038666	6230035	
measure	544	AL135787.1	chr9	111574192	111575427	1235	True	200	6.232679843902588	1792318	
measure	545	AP006248.3	chr8	17500012	17500605	593	True	200	5.733528919517994	1375861	
measure	546	DLGAP1	chr18	3496032	4455335	959303	True	200	6.315106622874737	6544276	
measure	547	FAM98A	chr2	33583658	33599382	15724	True	200	7.204135462641716	5767574	
measure	548	SERHL2	chr22	42553617	42574382	20765	True	200	5.856377124786377	6194457	
measure	549	ARHGEF10L	chr1	17539835	17697874	158039	True	200	8.290554583072662	6519240	
measure	550	TRNP1	chr1	26993707	27000898	7191	True	200	7.195044964551926	5757388	
measure	551	NPY4R	chr10	46461099	46465881	4782	True	200	5.965044587850571	1631252	
measure	552	HAS2	chr8	121612116	121641390	29274	True	200	5.826308339834213	6105681	
measure	553	AL591424.3	chr9	138177426	138179774	2348	True	200	6.214280351996422	3370535	
measure	554	CUBNP2	chr10	45232026	45247361	15335	True	200	5.036074727773666	159499	
measure	555	ATXN7L1	chr7	105605067	105876604	271537	True	200	6.029171340167522	6524170	
measure	556	TUSC1	chr9	25676389	25678440	2051	True	200	6.120719738304615	3809716	
measure	557	AC138969.4	chr16	16351545	16351653	108	True	200	5.767076209187508	51976	
measure	558	AC007967.3	chrY	8971751	8974095	2344	True	200	4.119698017835617	1668511	
measure	559	ESRP2	chr16	68229111	68238102	8991	True	200	6.624047003686428	6058537	
measure	560	IL1RAP	chr3	190514051	190659750	145699	True	200	6.499468617141247	6365114	
measure	561	AC002310.2	chr16	30572250	30583860	11610	True	200	6.352049268782139	5991170	
measure	562	AL121827.1	chr20	63359988	63371177	11189	True	200	6.319626934826374	6167992	
measure	563	AC093840.1	chr4	181522666	181523001	335	True	200	4.6370179280638695	826	
measure	564	CLEC1B	chr12	9985642	10013424	27782	True	200	6.5885482504963875	6077809	
measure	565	EP300-AS1	chr22	41174591	41197456	22865	True	200	5.485463976860046	6196960	
measure	566	AL355102.2	chr14	96204844	96263929	59085	True	200	6.062224552035332	6329759	
measure	567	RN7SL378P	chr5	82078427	82078724	297	True	200	4.984314329922199	1073969	
measure	568	AP001189.5	chr11	76607853	76630427	22574	True	200	7.0357222855091095	6174673	
measure	569	Z70280.1	chrX	101191115	101191409	294	True	200	4.547923907637596	1096717	
measure	570	IGHV3-21	chr14	106235064	106235594	530	True	200	4.692585825920105	24503	
measure	571	AC098614.3	chr3	27703129	27703568	439	True	200	5.802526965737343	951304	
measure	572	CHRNB3	chr8	42697376	42737407	40031	True	200	6.048472784459591	6261589	
measure	573	ZC3H12C	chr11	110093361	110171841	78480	True	200	6.257479608058929	6289132	
measure	574	CHMP2B	chr3	87227271	87255548	28277	True	200	5.798488438129425	5984926	
measure	575	AC009275.1	chr7	134416290	134432453	16163	True	200	6.923858225345612	6013226	
measure	576	NEIL3	chr4	177309836	177362943	53107	True	200	5.551187589764595	6222024	
measure	577	AL160237.1	chr14	23729038	23729741	703	True	200	4.682815834879875	1382383	
measure	578	AC093816.1	chr4	121369433	121370345	912	True	200	5.468172214925289	1853013	
measure	579	AC015910.1	chr17	39238466	39250818	12352	True	200	7.213450960814953	6097059	
measure	580	RNU6-1237P	chr1	40177843	40177949	106	True	200	5.377299092710018	816	
measure	581	AC093422.3	chr1	205134646	205134950	304	True	200	6.679342955350876	1002489	
measure	582	MYH10	chr17	8474205	8630761	156556	True	200	6.37298583984375	6484817	
measure	583	AC123567.1	chr12	94140077	94141337	1260	True	200	6.256626941263676	3327822	
measure	584	DCST1-AS1	chr1	155045191	155046118	927	True	200	4.865837700664997	1532987	
measure	585	AL352984.2	chr14	31964550	31965095	545	True	200	4.333658374845982	1727933	
measure	586	AC004585.1	chr17	40517026	40527002	9976	True	200	7.640279710292816	5712628	
measure	587	RNY3P4	chr13	23152586	23152686	100	True	200	4.824202738702297	430774	
measure	588	FBN1	chr15	48408306	48645849	237543	True	200	7.4003451988101006	6467865	
measure	589	RPL7L1	chr6	42879618	42889925	10307	True	200	6.009511232376099	5747996	
measure	590	HIST2H2AA4	chr1	149851061	149851624	563	True	200	4.142787091434002	3427	
measure	591	P4HA3-AS1	chr11	74311362	74324705	13343	True	200	7.735819101333618	5702788	
measure	592	RPP30	chr10	90871716	90908553	36837	True	200	7.0368694588541985	6150696	
measure	593	UFL1-AS1	chr6	96358374	96521669	163295	True	200	6.033576533198357	6320243	
measure	594	AC022762.2	chr11	6201901	6203253	1352	True	200	5.838902540504932	1985929	
measure	595	MIR4259	chr1	159899979	159900079	100	True	200	4.17816062271595	820	
measure	596	TTLL3	chr3	9808086	9855138	47052	True	200	6.694497928023338	6334473	
measure	597	NAP1L1P2	chrY	2929001	2931120	2119	True	200	3.5760322734713554	700114	
measure	598	AL358334.2	chr14	50956259	50962002	5743	True	200	6.117241658270359	4896980	
measure	599	AC103706.2	chr8	133515506	133515745	239	True	200	5.066687680780888	547986	
measure	600	NABP1	chr2	191678068	191696659	18591	True	200	6.138938449323177	5936621	
measure	601	C18orf65	chr18	76495521	76498088	2567	True	200	6.135647363960743	4028212	
measure	602	ATP2C1	chr3	130850595	131016712	166117	True	200	6.572502240538597	6363471	
measure	603	AC099786.1	chr1	75127830	75133058	5228	True	200	6.392068952322006	5567692	
measure	604	AC027335.2	chr5	9498401	9498775	374	True	200	5.879350356757641	1362949	
measure	605	AC068787.1	chr12	127462507	127463197	690	True	200	4.902652442455292	715227	
measure	606	LINC00976	chr8	128904773	128966001	61228	True	200	5.886732146143913	6118284	
measure	607	MIR1244-2	chr5	118974586	118974670	84	True	200	4.939647249877453	20076	
measure	608	AL133268.3	chr6	25041839	25056664	14825	True	200	6.586096540093422	5854158	
measure	609	EIF3CL	chr16	28379579	28403879	24300	True	200	7.214303016662598	3118833	
measure	610	REEP4	chr8	22138020	22141951	3931	True	200	6.187479041516781	5320257	
measure	611	AC100784.1	chr8	73590574	73590883	309	True	200	5.220431752502918	545317	
measure	612	KCNQ5	chr6	72621792	73198851	577059	True	200	5.692044779658318	6517430	
measure	613	AC021146.12	chr4	68901008	68906983	5975	True	200	5.174187622964382	86051	
measure	614	AC005746.1	chr17	61382785	61384680	1895	True	200	7.570908986032009	3917417	
measure	615	AC068946.1	chr2	219075329	219170827	95498	True	200	7.117017187178135	6342523	
measure	616	RGN	chrX	47078355	47093314	14959	True	200	5.499047175049782	5673036	
measure	617	AC010745.4	chr2	16316324	16319566	3242	True	200	6.670485578477383	4536745	
measure	618	PCDH9	chr13	66302834	67230445	927611	True	200	5.975543394684792	6529039	
measure	619	MYH11	chr16	15703172	15857033	153861	True	200	7.103170156478882	4484240	
measure	620	TAS2R39	chr7	143183419	143184435	1016	True	200	6.119135685265064	1880834	
measure	621	RNA5SP497	chr22	32635102	32635198	96	True	200	5.96086622774601	727088	
measure	622	OR5BE1P	chr11	56082801	56084840	2039	True	200	7.099753737449646	2650760	
measure	623	HSPD1P4	chr12	56511002	56512703	1701	True	200	6.4126965925097466	3265513	
measure	624	ZNF529	chr19	36534774	36605276	70502	True	200	9.593899354338646	6309189	
measure	625	AL356320.2	chr1	31036734	31037240	506	True	200	8.481168285012245	1013012	
measure	626	PRELID3BP3	chr17	62841101	62841645	544	True	200	6.928614124655724	1282478	
measure	627	AP001002.2	chr11	91093875	91094260	385	True	200	5.37791857868433	613412	
measure	628	AC107373.2	chr8	24956621	24957110	489	True	200	5.898704074323177	2037060	
measure	629	FAM193A	chr4	2536631	2732565	195934	True	200	6.745901957154274	6524816	
measure	630	AMBRA1	chr11	46396414	46594125	197711	True	200	7.33067662268877	6499709	
measure	631	APOOP3	chr12	65134688	65135273	585	True	200	5.786484003067017	852190	
measure	632	C7orf31	chr7	25134697	25180356	45659	True	200	7.243517182767391	6239695	
measure	633	GLIDR	chr9	39748514	39810097	61583	True	200	6.074720449745655	5560701	
measure	634	PCK1	chr20	57561080	57568112	7032	True	200	6.1843888610601425	5675668	
measure	635	AC007742.1	chrY	17726752	17727080	328	True	200	3.6770856976509094	816	
measure	636	MAGI2-AS2	chr7	79008988	79012277	3289	True	200	6.414893768727779	2653670	
measure	637	TTLL8	chr22	50015123	50056935	41812	True	200	5.7578688114881516	6380128	
measure	638	AC092068.3	chr19	2641838	2643853	2015	True	200	9.504822440445423	3964993	
measure	639	CACTIN-AS1	chr19	3607247	3613930	6683	True	200	7.710199683904648	5886499	
measure	640	MIR193B	chr16	14303967	14304049	82	True	200	5.857718780636787	873147	
measure	641	USP9YP5	chrY	18490915	18494295	3380	True	200	3.516087554395199	65554	
measure	642	AL158834.1	chr10	32281686	32282829	1143	True	200	6.500411316752434	1463451	
measure	643	BNIP3P28	chr19	21997648	21998840	1192	True	200	6.766870215535164	1791748	
measure	644	LINC01326	chr3	166569693	166570763	1070	True	200	5.312975458800793	824	
measure	645	AL356585.1	chr13	18206570	18207466	896	True	200	4.684231370687485	2417753	
measure	646	TRIB1	chr8	125430321	125438405	8084	True	200	5.277634337544441	5868164	
measure	647	FKBP1AP4	chr3	149463779	149464114	335	True	200	6.203511714935303	1329300	
measure	648	TPK1	chr7	144451941	144836395	384454	True	200	6.618976376950741	6509822	
measure	649	RN7SL117P	chr2	21922993	21923288	295	True	200	6.603714734315872	1226084	
measure	650	AL035467.1	chr6	71550958	71551643	685	True	200	5.337240792810917	1847229	
measure	651	PDCL3P3	chr3	17877455	17878169	714	True	200	6.2286316975951195	1922316	
measure	652	AC068669.1	chr17	40113215	40115442	2227	True	200	7.743800647556782	3748428	
measure	653	SLIT1	chr10	96998038	97185920	187882	True	200	6.500016324222088	6516863	
measure	654	AL157823.1	chr6	35765908	35766927	1019	True	200	6.688129223883152	2064970	
measure	655	OR4A42P	chr11	48610063	48611000	937	True	200	6.307666584849358	1781725	
measure	656	DUXB	chr16	75693929	75701459	7530	True	200	6.8049183413386345	5353674	
measure	657	SCAF1	chr19	49642125	49658642	16517	True	200	6.347929120063782	6232761	
measure	658	AC009078.2	chr16	75226074	75228197	2123	True	200	5.583474904298782	4091089	
measure	659	CCT7	chr2	73233420	73253021	19601	True	200	6.7121520191431046	6135082	
measure	660	RABEP2	chr16	28904421	28936526	32105	True	200	7.57662183791399	6308579	
measure	661	RN7SKP167	chr10	121410916	121411200	284	True	200	5.294029429554939	1135955	
measure	662	AC113423.2	chr5	174081506	174086559	5053	True	200	5.825403831899166	5104420	
measure	663	EIF4E	chr4	98871684	98930637	58953	True	200	5.8218754678964615	6284767	
measure	664	USP17L7	chr8	12132417	12134438	2021	True	200	6.221624851226807	3199569	
measure	665	AC090559.1	chr11	47383148	47409190	26042	True	200	6.363343998789787	6271961	
measure	666	DMRTC2	chr19	41844743	41852333	7590	True	200	5.983317978680134	5717227	
measure	667	EIF3FP3	chr2	58251440	58252525	1085	True	200	5.973090149462223	2333637	
measure	668	SHROOM2P1	chrY	12537773	12544883	7110	True	200	3.8840232715010643	2389013	
measure	669	NFYB	chr12	104117077	104138289	21212	True	200	6.687566712498665	6001251	
measure	670	SLC18A2	chr10	117241093	117279430	38337	True	200	6.835232295095921	6274284	
measure	671	C18orf15	chr18	13239543	13242076	2533	True	200	6.418033204972744	4389370	
measure	672	AL355488.2	chr1	110370154	110373003	2849	True	200	5.704709559679031	2875051	
measure	673	BRSK2	chr11	1389899	1462689	72790	True	200	6.379875756800175	6482648	
measure	674	RNA5SP445	chr17	66639269	66639383	114	True	200	7.105105631053448	524521	
measure	675	RNA5SP97	chr2	73968123	73968206	83	True	200	5.0429950803518295	528627	
measure	676	RNU6-851P	chr2	38884560	38884666	106	True	200	6.467194549739361	814	
measure	677	MIR6499	chr5	151522087	151522148	61	True	200	5.7280315682291985	717430	
measure	678	AC124283.4	chr17	82576616	82577391	775	True	200	4.330102771520615	2126737	
measure	679	ASS1P2	chr2	38810432	38811654	1222	True	200	5.839727103710175	2822647	
measure	680	SNORD114-22	chr14	100982926	100982997	71	True	200	5.421039909124374	525223	
measure	681	AL160396.2	chr13	114179238	114223084	43846	True	200	6.153633497655392	6286145	
measure	682	RNA5SP147	chr3	176763233	176763341	108	True	200	5.879527881741524	824	
measure	683	AL162377.2	chr13	51921251	51921587	336	True	200	5.516617454588413	1362059	
measure	684	FTCDNL1	chr2	199760544	199851173	90629	True	200	5.813245229423046	6304969	
measure	685	PTGES3L-AARSD1	chr17	42950526	42980528	30002	True	200	7.632930800318718	6257123	
measure	686	MIR936	chr10	104048089	104048186	97	True	200	6.208220146596432	671546	
measure	687	YPEL5	chr2	30146941	30160533	13592	True	200	6.3340191170573235	5903719	
measure	688	KRTAP10-9	chr21	44627123	44628293	1170	True	200	4.877734079957008	2595935	
measure	689	AL035555.1	chr6	38762905	38764694	1789	True	200	6.471835881471634	2451111	
measure	690	AL513348.1	chr1	194350943	194352426	1483	True	200	5.912102863192558	1882601	
measure	691	CTBS	chr1	84549606	84574480	24874	True	200	6.176163882017136	5938058	
measure	692	HNRNPA1P23	chr3	122317609	122318741	1132	True	200	5.9581286162137985	1997997	
measure	693	AC090115.4	chr12	48417150	48417337	187	True	200	5.695092119276524	704839	
measure	694	OR10J3	chr1	159313670	159314659	989	True	200	4.658350348472595	2205248	
measure	695	KLF11	chr2	10042849	10054836	11987	True	200	6.125276178121567	6095306	
measure	696	AP000867.4	chr11	71639551	71639769	218	True	200	7.209401972591877	1042884	
measure	697	AC090971.1	chr15	51908902	51909642	740	True	200	6.166743211448193	1288385	
measure	698	CYBRD1	chr2	171522247	171558133	35886	True	200	6.409073106944561	6213623	
measure	699	ADCYAP1	chr18	904943	912172	7229	True	200	6.247187562286854	5781512	
measure	700	AC138915.4	chr16	32454612	32458758	4146	True	200	6.943626530468464	1720641	
measure	701	RN7SL113P	chr2	85368282	85368580	298	True	200	5.704664878547192	772161	
measure	702	RNU6-694P	chr9	4386410	4386556	146	True	200	6.012119732797146	607881	
measure	703	RN7SL448P	chr17	60899891	60900185	294	True	200	5.8598699271678925	503890	
measure	704	AC004691.1	chr7	30796691	30803410	6719	True	200	6.9291287660598755	4865313	
measure	705	AC010139.1	chr3	16530771	16531802	1031	True	200	6.019616819918156	2588974	
measure	706	GNRH1	chr8	25419260	25424654	5394	True	200	6.517526522278786	4113921	
measure	707	AC112198.4	chr5	54878238	54878588	350	True	200	5.305323049426079	948244	
measure	708	MYH14	chr19	50188186	50310545	122359	True	200	6.230817474424839	6490583	
measure	709	MYEOV	chr11	69294138	69367726	73588	True	200	7.1957297921180725	6358502	
measure	710	AL512605.1	chr9	65219987	65230861	10874	True	200	4.379118956625462	1138463	
measure	711	AC087623.1	chr8	38400536	38401683	1147	True	200	5.28866446018219	1922949	
measure	712	AL162456.1	chr13	91994518	91996523	2005	True	200	5.457928240299225	2459306	
measure	713	MIR941-3	chr20	63919561	63919632	71	True	200	5.665229856967926	175387	
measure	714	ARL4AP5	chr6	150934968	150935566	598	True	200	5.7101051062345505	652883	
measure	715	SLC35B2	chr6	44254096	44257890	3794	True	200	5.818112500011921	5056151	
measure	716	HLA-N	chr6	30351416	30351550	134	True	200	5.908016495406628	806	
measure	717	AL512637.2	chr1	247015068	247017291	2223	True	200	4.362634688615799	1960514	
measure	718	ELOCP35	chrY	17464879	17465214	335	True	200	3.5810173228383064	2082	
measure	719	AL353625.1	chr6	160093082	160096212	3130	True	200	4.879463382065296	4473667	
measure	720	AC096543.1	chr1	63139250	63163153	23903	True	200	6.514515310525894	6005287	
measure	721	AC073342.2	chr7	143220468	143222267	1799	True	200	5.977593332529068	2613776	
measure	722	CHST14	chr15	40470998	40474571	3573	True	200	6.794766314327717	4838485	
measure	723	AC112236.1	chr4	139618136	139623232	5096	True	200	5.60999920964241	4286804	
measure	724	AL390719.2	chr1	1169357	1170343	986	True	200	8.201519042253494	3051275	
measure	725	ANKRD20A5P	chr18	14179097	14252140	73043	True	200	6.054762817919254	6228132	
measure	726	AP001626.1	chr21	42648271	42651244	2973	True	200	4.608808912336826	4596193	
measure	727	OSTM1	chr6	108041409	108165854	124445	True	200	6.094898529350758	6414333	
measure	728	POTEF	chr2	130074030	130129222	55192	True	200	6.226698338985443	5842800	
measure	729	SALL1P1	chrX	49664844	49668680	3836	True	200	5.385024383664131	3991527	
measure	730	RNU1-36P	chr4	88000237	88000401	164	True	200	4.9536110162734985	495089	
measure	731	AC023136.1	chr4	162022733	162047567	24834	True	200	5.687434308230877	5788662	
measure	732	RNU6-982P	chr19	53745004	53745105	101	True	200	5.032281115651131	819	
measure	733	SNRPCP11	chr3	125816082	125816286	204	True	200	5.384159974753857	822	
measure	734	PCDHGB6	chr5	141408021	141512979	104958	True	200	6.582422606647015	6459700	
measure	735	C1orf27	chr1	186375838	186421378	45540	True	200	6.058984763920307	6113559	
measure	736	AC122129.1	chr17	17858227	17860041	1814	True	200	7.063165128231049	3514813	
measure	737	AL137798.3	chr1	16642767	16643109	342	True	200	8.752134054899216	3240193	
measure	738	AC024589.2	chr5	29105568	29106861	1293	True	200	5.83291357755661	378719	
measure	739	ACOX3	chr4	8366282	8440723	74441	True	200	6.979658737778664	6468416	
measure	740	AL358335.1	chr14	48398310	48399375	1065	True	200	5.932706959545612	1311900	
measure	741	AC073862.2	chr12	130980667	130981367	700	True	200	5.502058319747448	1878838	
measure	742	MIR5689	chr6	10439717	10439794	77	True	200	5.995167069137096	838479	
measure	743	SNORD88C	chr19	50802328	50802418	90	True	200	4.981742851436138	817	
measure	744	CDCA2	chr8	25458997	25507920	48923	True	200	5.602431140840054	6258063	
measure	745	AC117947.1	chr2	140683360	140683888	528	True	200	5.517114892601967	1491755	
measure	746	RNA5SP360	chr12	41658676	41658793	117	True	200	5.575859107077122	368358	
measure	747	AC121761.1	chr12	75483454	75489820	6366	True	200	5.489776097238064	4839216	
measure	748	MIR5690	chr6	35664717	35664789	72	True	200	5.076882936060429	810	
measure	749	ZSWIM5P2	chr17	20583758	20591180	7422	True	200	7.304797992110252	5399284	
measure	750	AC005033.1	chr2	74618856	74620979	2123	True	200	5.914405182003975	2939263	
measure	751	AC019072.1	chr2	233545482	233547032	1550	True	200	6.360174246132374	2239842	
measure	752	MIR7975	chr19	55123225	55123292	67	True	200	4.917240060865879	558574	
measure	753	RBM7	chr11	114400030	114414203	14173	True	200	6.250489242374897	5875551	
measure	754	AC092393.1	chr1	96390652	96391393	741	True	200	5.636532187461853	1365217	
measure	755	AL360004.1	chr9	130140610	130144219	3609	True	200	6.698192127048969	5186057	
measure	756	PIGPP3	chr20	33965162	33965576	414	True	200	6.435845218598843	1221568	
measure	757	AC010201.1	chr12	89371820	89372359	539	True	200	5.848382472991943	888620	
measure	758	LINC00634	chr22	41952165	41958933	6768	True	200	5.5770383477211	5718671	
measure	759	RN7SL591P	chr10	62350006	62350297	291	True	200	6.023998253047466	819	
measure	760	E2F3-IT1	chr6	20437821	20440178	2357	True	200	5.505247585475445	3281065	
measure	761	AC025884.2	chr15	22258138	22258848	710	True	200	4.731736794114113	2938542	
measure	762	GABPA	chr21	25734570	25772460	37890	True	200	6.198284216225147	6186557	
measure	763	AC112656.1	chrX	5305714	5307128	1414	True	200	5.5022915825247765	2379363	
measure	764	AL031587.3	chr22	37950965	37951778	813	True	200	6.00683768838644	2089682	
measure	765	AP000593.2	chr11	72249856	72251288	1432	True	200	7.178790271282196	3224494	
measure	766	AC010653.1	chr16	71833787	71835932	2145	True	200	6.382892481982708	3196556	
measure	767	CU633906.1	chr21	6228966	6267317	38351	True	200	4.400630295276642	240413	
measure	768	GAPDHP16	chr21	14774301	14775262	961	True	200	4.6685196831822395	1788616	
measure	769	RNU6-907P	chr4	89130852	89130953	101	True	200	5.015115015208721	492588	
measure	770	SPCS2P1	chr15	43131008	43131686	678	True	200	6.535369485616684	1727587	
measure	771	CU639417.2	chr21	6111134	6123739	12605	True	200	4.728530697524548	1882149	
measure	772	SLF2	chr10	100912569	100965136	52567	True	200	6.6493906900286674	6259723	
measure	773	LINC01363	chr1	167175917	167195792	19875	True	200	5.912201799452305	5911882	
measure	774	RNU1-92P	chr1	143720510	143720644	134	True	200	4.3511660024523735	546635	
measure	775	AL021997.3	chr6	28267121	28281580	14459	True	200	5.826183781027794	5852641	
measure	776	RNU6-875P	chr8	123342414	123342519	105	True	200	5.548336379230022	824	
measure	777	HARS	chr5	140673173	140692024	18851	True	200	6.467115357518196	6118447	
measure	778	WDR62	chr19	36054881	36105106	50225	True	200	9.529004745185375	6345385	
measure	779	MIR6511B1	chr16	2106669	2106753	84	True	200	6.799259878695011	236142	
measure	780	RPL7P40	chr12	17121716	17122460	744	True	200	6.2618879452347755	1458845	
measure	781	RPL22P13	chr4	54221126	54221472	346	True	200	5.253866732120514	1141986	
measure	782	AC006548.3	chr22	16950086	17034417	84331	True	200	6.518697090446949	6331943	
measure	783	MTND1P9	chr20	57357426	57358369	943	True	200	5.853025086224079	1989903	
measure	784	AC005412.2	chr17	29340482	29340822	340	True	200	6.192972831428051	1103738	
measure	785	PINK1-AS	chr1	20642657	20652193	9536	True	200	9.095006957650185	5874459	
measure	786	AP005597.4	chr11	55267408	55267636	228	True	200	6.469634719192982	459828	
measure	787	C16orf92	chr16	30023334	30027736	4402	True	200	7.565076969563961	5371442	
measure	788	RNU6-1042P	chr1	150701866	150701972	106	True	200	4.516391232609749	406568	
measure	789	LINC02081	chr17	78617389	78632057	14668	True	200	7.646542198956013	6168345	
measure	790	AP001790.1	chr11	95482406	95497553	15147	True	200	5.915039852261543	5691084	
measure	791	OR5AM1P	chr11	56619779	56620810	1031	True	200	5.690130576491356	2022521	
measure	792	SCUBE3	chr6	35214419	35253079	38660	True	200	5.97358238697052	6251165	
measure	793	MIR6078	chr10	3991160	3991259	99	True	200	6.523793190717697	658492	
measure	794	AKR1B1P3	chr11	16484084	16484671	587	True	200	5.981526792049408	1407756	
measure	795	PSMC6	chr14	52707172	52728587	21415	True	200	6.314233034849167	6009603	
measure	796	EML4	chr2	42169350	42332548	163198	True	200	6.429508961737156	6400280	
measure	797	SIGLEC12	chr19	51491357	51501789	10432	True	200	5.710129894316196	5878240	
measure	798	RPS3AP15	chr3	75542149	75542929	780	True	200	6.140587709844112	346027	
measure	799	AC011558.1	chr19	1038727	1039064	337	True	200	9.034689642488956	1721386	
measure	800	TPTE2P4	chrY	26508213	26579690	71477	True	200	4.221749402582645	4481431	
measure	801	STK16	chr2	219245455	219250337	4882	True	200	6.939371973276138	5183490	
measure	802	EFCAB7	chr1	63523372	63572693	49321	True	200	6.500361055135727	6169329	
measure	803	AC002310.1	chr16	30534752	30537144	2392	True	200	6.490973517298698	4236826	
measure	804	AC087500.2	chr17	5240508	5241543	1035	True	200	6.571819387376308	1020439	
measure	805	AC002384.1	chr7	106775011	106795564	20553	True	200	6.510227508842945	5959216	
measure	806	AC022960.3	chr18	31883288	31883728	440	True	200	5.334899470210075	821	
measure	807	AC069499.2	chr3	108574683	108575064	381	True	200	5.207502104341984	1126370	
measure	808	AC245052.2	chr19	54209092	54209418	326	True	200	5.0593744814395905	2066	
measure	809	RPL18AP8	chr3	96619304	96619831	527	True	200	4.610728204250336	1450470	
measure	810	MYLKP1	chr3	75328549	75339071	10522	True	200	6.751103639602661	5729528	
measure	811	LCN10	chr9	136738167	136743356	5189	True	200	6.392664775252342	5669248	
measure	812	AL772284.1	chrX	118938153	118939134	981	True	200	4.914884351193905	1892338	
measure	813	GARSP1	chr17	55550931	55551649	718	True	200	7.258825093507767	1789171	
measure	814	AC110767.1	chr4	19747179	19754591	7412	True	200	6.641155615448952	4446319	
measure	815	ANPEP	chr15	89784889	89815401	30512	True	200	5.900211907923222	6284808	
measure	816	RBM45	chr2	178112424	178139011	26587	True	200	6.30477736890316	6031943	
measure	817	AL445523.1	chrX	65185018	65187265	2247	True	200	5.318310000002384	2119558	
measure	818	FURIN	chr15	90868592	90883458	14866	True	200	5.218267343938351	6212305	
measure	819	RPL12P25	chr9	477750	478423	673	True	200	5.6980636566877365	1263595	
measure	820	AC008250.2	chr12	21828360	21828564	204	True	200	5.6714760437607765	821	
measure	821	AL445531.1	chr9	97743208	97744935	1727	True	200	6.517110541462898	2906345	
measure	822	MIR1273D	chr1	10227718	10227803	85	True	200	8.277376018464565	728123	
measure	823	AL451050.2	chr1	167219831	167220512	681	True	200	5.527399815618992	2700700	
measure	824	ELOCP3	chr10	10174230	10174577	347	True	200	6.49981415271759	962957	
measure	825	AL365277.2	chr1	39565160	39573203	8043	True	200	7.00176116079092	5471281	
measure	826	AL499605.1	chr1	106544342	106544744	402	True	200	5.438778534531593	1154802	
measure	827	MIR524	chr19	53711002	53711088	86	True	200	4.995960846543312	609467	
measure	828	AFG1L	chr6	108294894	108526796	231902	True	200	5.951061822474003	6449666	
measure	829	RNA5SP193	chr5	136969200	136969306	106	True	200	5.534492000937462	824	
measure	830	PIGPP2	chr1	62189131	62189953	822	True	200	5.684402920305729	1665634	
measure	831	AC015871.1	chr15	79944498	79945578	1080	True	200	6.421199835836887	2357920	
measure	832	CYCSP10	chr3	10000647	10000940	293	True	200	5.815275318920612	1042035	
measure	833	TMEM206	chr1	212363931	212414901	50970	True	200	7.60841316729784	6276108	
measure	834	AC105036.1	chr15	75512770	75513040	270	True	200	5.640263095498085	671584	
measure	835	TRAPPC8	chr18	31829173	31953136	123963	True	200	6.272587344050407	6382391	
measure	836	TRIM25	chr17	56887909	56914038	26129	True	200	8.234803929924965	6210749	
measure	837	NOC3L	chr10	94333226	94362959	29733	True	200	6.763395041227341	6058413	
measure	838	AL136140.1	chr6	44525259	44526754	1495	True	200	5.723708651959896	2847370	
measure	839	NDUFB4P7	chr2	87968609	87968971	362	True	200	5.741690620779991	358801	
measure	840	AC012531.4	chr12	53968002	53968178	176	True	200	5.730025097727776	926796	
measure	841	AC211433.1	chr7	74688939	74729001	40062	True	200	6.687520764768124	6243264	
measure	842	SATL1	chrX	85092287	85109048	16761	True	200	5.358188278973103	5050358	
measure	843	VWA5A	chr11	124115362	124147721	32359	True	200	5.370226889848709	6130001	
measure	844	LINC01721	chr20	24199767	24224588	24821	True	200	7.415803253650665	6137585	
measure	845	AC010374.2	chr5	29848684	29849218	534	True	200	5.774956248700619	1272857	
measure	846	AC123768.1	chr15	32656084	32673065	16981	True	200	4.455710232257843	1891597	
measure	847	LSP1P1	chr13	25017404	25017536	132	True	200	4.830110840499401	880449	
measure	848	AP001017.1	chr18	11552366	11552847	481	True	200	5.528338074684143	1494874	
measure	849	MIR4269	chr2	239305462	239305545	83	True	200	6.119891472160816	679444	
measure	850	RPS23P10	chr1	161536571	161538158	1587	True	200	5.607867166399956	2202334	
measure	851	RAD17P1	chr7	16864267	16866308	2041	True	200	6.929503343999386	2995524	
measure	852	AL031713.1	chr16	1103280	1105461	2181	True	200	7.641291916370392	4480002	
measure	853	PGA5	chr11	61241042	61251448	10406	True	200	7.255670212209225	5177080	
measure	854	AC009081.1	chr16	60486819	60523250	36431	True	200	6.323758900165558	5994789	
measure	855	PLOD2	chr3	146069440	146163653	94213	True	200	6.589354507625103	6305118	
measure	856	FNDC3A	chr13	48975912	49209779	233867	True	200	6.032109692692757	6414413	
measure	857	AL391903.2	chr6	41250851	41251097	246	True	200	5.185878120362759	1000666	
measure	858	AC005692.2	chr7	141429711	141431268	1557	True	200	6.465904004871845	2811728	
measure	859	PRKCA-AS1	chr17	66398069	66416854	18785	True	200	7.662139356136322	6068536	
measure	860	CLYBL-AS1	chr13	99726247	99727491	1244	True	200	5.526104539632797	2663155	
measure	861	AL049794.2	chr20	16580258	16580622	364	True	200	6.430288456380367	1101487	
measure	862	ABCF2P1	chr3	88317156	88319022	1866	True	200	5.354052685201168	3082603	
measure	863	CDC27P1	chr2	132262328	132263042	714	True	200	5.751891374588013	1544220	
measure	864	RN7SL786P	chr11	75742129	75742426	297	True	200	7.287600561976433	817144	
measure	865	LINC00900	chr11	115754248	115760627	6379	True	200	6.035340294241905	5449578	
measure	866	UBE2CP4	chr15	31420128	31420662	534	True	200	4.059435158967972	65322	
measure	867	AC134698.1	chr8	43442902	43452912	10010	True	200	6.139719650149345	5018283	
measure	868	AP002370.2	chr11	83643602	83725390	81788	True	200	5.533514998853207	6278552	
measure	869	AC008443.2	chr5	181224646	181230685	6039	True	200	5.71940965950489	5362458	
measure	870	ZNF564	chr19	12525370	12551542	26172	True	200	9.380097135901451	6183246	
measure	871	PSMD12	chr17	67337916	67366627	28711	True	200	7.755410760641098	6206951	
measure	872	MIR365A	chr16	14309285	14309371	86	True	200	6.874858878552914	724304	
measure	873	AC079329.1	chr11	12261426	12263173	1747	True	200	5.860898919403553	3448186	
measure	874	ATE1	chr10	121740421	121928801	188380	True	200	5.923558309674263	6467249	
measure	875	AL121832.2	chr20	62386303	62386970	667	True	200	5.984693579375744	2474593	
measure	876	AL135838.1	chr14	100406599	100407613	1014	True	200	5.5636977404356	2602316	
measure	877	NBPF5P	chr1	108375838	108410814	34976	True	200	5.590864218771458	1541283	
measure	878	OR11K1P	chr15	22030931	22031834	903	True	200	4.261760920286179	18367	
measure	879	EIF4A1P4	chr12	53153272	53154484	1212	True	200	6.2068102061748505	2735960	
measure	880	AL161457.2	chr9	68393881	68406500	12619	True	200	4.866343751549721	4950131	
measure	881	CENPP	chr9	92325484	92620533	295049	True	200	6.496188119053841	6514039	
measure	882	AC110285.7	chr17	81395609	81397144	1535	True	200	4.62830625474453	3715904	
measure	883	RPL7AP30	chr4	112788083	112788878	795	True	200	5.420920066535473	2031049	
measure	884	KRT8P5	chr18	44320800	44322257	1457	True	200	6.078285917639732	3043038	
measure	885	MAPK4	chr18	50560078	50731824	171746	True	200	5.736081168055534	6463487	
measure	886	TPMTP1	chr18	47630112	47630848	736	True	200	5.260348990559578	1522092	
measure	887	PQLC3	chr2	11155198	11178874	23676	True	200	6.931264631450176	6256453	
measure	888	LINC02466	chr4	129724171	129771481	47310	True	200	5.892688386142254	6078722	
measure	889	CASC3	chr17	40140318	40172183	31865	True	200	7.118500493466854	6254339	
measure	890	SAGE4P	chrX	135598927	135615431	16504	True	200	5.710181884467602	5631134	
measure	891	CAVIN2	chr2	191834302	191847255	12953	True	200	6.403815649449825	5875069	
measure	892	AC006427.1	chr4	16307456	16308167	711	True	200	6.168688043951988	1187663	
measure	893	MIR2114	chrX	150228004	150228083	79	True	200	4.31783527135849	467862	
measure	894	AC006011.1	chr2	127846736	127847084	348	True	200	5.399551868438721	1469777	
measure	895	CR589904.2	chr1	248708202	248708641	439	True	200	4.1093029752373695	1101187	
measure	896	SPRYD7P1	chrX	77374212	77381319	7107	True	200	5.356917068362236	3550125	
measure	897	AL591644.1	chr9	1977784	1978547	763	True	200	5.573010474443436	1204122	
measure	898	WT1-AS_1	chr11	32435738	32435846	108	True	200	5.690755754709244	1105608	
measure	899	AC233992.1	chr8	144314590	144315138	548	True	200	5.5884633883833885	2180261	
measure	900	AC092718.8	chr16	81022316	81096284	73968	True	200	5.7570148184895515	6366438	
measure	901	MIR3663	chr10	117167678	117167774	96	True	200	6.386488623917103	939848	
measure	902	XKRY	chrY	17768980	17777400	8420	True	200	3.606609731912613	71884	
measure	903	AC097359.1	chr3	37196204	37196666	462	True	200	5.816475763916969	1176158	
measure	904	DDI1	chr11	104036580	104039188	2608	True	200	5.130377970635891	3769189	
measure	905	MIPEPP2	chr1	238777049	238779200	2151	True	200	6.512800045311451	2757278	
measure	906	DUBR	chr3	107240692	107326964	86272	True	200	5.630748353898525	6282612	
measure	907	LINC00706	chr10	6774307	6779180	4873	True	200	6.67265235632658	4704266	
measure	908	AC111200.1	chr2	86885075	86885731	656	True	200	5.897228255867958	1726361	
measure	909	TMEM189	chr20	50118254	50153734	35480	True	200	6.44363734126091	6298201	
measure	910	AC113167.1	chr5	89944910	89947573	2663	True	200	5.5674111768603325	2713974	
measure	911	KLHDC7B	chr22	50548033	50551023	2990	True	200	5.620773941278458	4941661	
measure	912	AC013244.1	chr12	50756892	50757433	541	True	200	5.764501050114632	1098421	
measure	913	TGM1	chr14	24249114	24264432	15318	True	200	5.422504939138889	6140499	
measure	914	SFT2D3	chr2	127701508	127705242	3734	True	200	5.891717106103897	4703778	
measure	915	ANKRD13C	chr1	70260588	70354734	94146	True	200	6.630635730922222	6324350	
measure	916	AC006116.1	chr19	56319790	56322310	2520	True	200	6.0623394921422005	3935497	
measure	917	AL137244.1	chr13	75631271	75632135	864	True	200	5.196298949420452	1520990	
measure	918	CR381653.1	chr21	9325013	9368775	43762	True	200	5.663648448884487	5744604	
measure	919	TEX13A	chrX	105218929	105220674	1745	True	200	4.976464405655861	3019094	
measure	920	AL137843.1	chrX	99656997	99657381	384	True	200	4.260682858526707	391377	
measure	921	CBLB	chr3	105655461	105869552	214091	True	200	5.822199165821075	6385231	
measure	922	HSPE1P10	chr5	126737438	126737995	557	True	200	6.376107007265091	1726631	
measure	923	ANKRD20A18P	chr21	14064325	14069087	4762	True	200	5.010968267917633	3349146	
measure	924	AP000619.1	chr11	102751070	102754943	3873	True	200	5.228531554341316	3969499	
measure	925	AP003041.1	chr11	130082495	130082781	286	True	200	4.541957385838032	1049644	
measure	926	ASCL5	chr1	201113953	201127184	13231	True	200	6.80048855394125	6077392	
measure	927	TRBV30	chr7	142812586	142813399	813	True	200	6.274503901600838	328281	
measure	928	SH3BP4	chr2	234951973	235055714	103741	True	200	6.746449753642082	6496211	
measure	929	Z97180.1	chrX	146619597	146620584	987	True	200	4.441875696182251	1385147	
measure	930	AC090774.1	chr17	20956682	20958404	1722	True	200	7.047280289232731	2618059	
measure	931	AC011468.4	chr19	52110318	52110726	408	True	200	5.495594799518585	1124687	
measure	932	METTL15P1	chr3	156713884	156714928	1044	True	200	5.648472085595131	1906315	
measure	933	AC010480.1	chr5	55484403	55485086	683	True	200	5.429058104753494	995840	
measure	934	AC005632.1	chr16	21532945	21550373	17428	True	200	7.199590057134628	6139868	
measure	935	TUBB8P5	chr12	38201566	38203792	2226	True	200	6.462920695543289	3966555	
measure	936	TNFSF13	chr17	7558292	7561608	3316	True	200	6.770245619118214	5052094	
measure	937	AC100803.3	chr8	141434545	141437954	3409	True	200	5.2143773809075356	98417	
measure	938	HSFY3P	chrY	2881683	2883652	1969	True	200	3.573608674108982	1065788	
measure	939	CCDC177	chr14	69569816	69574837	5021	True	200	6.34286554902792	5668783	
measure	940	SDCBP	chr8	58552924	58582860	29936	True	200	6.171059437096119	6038145	
measure	941	CRADD	chr12	93677375	93894840	217465	True	200	6.68897820264101	6457626	
measure	942	AC009053.4	chr16	74393076	74393183	107	True	200	5.713801823556423	111925	
measure	943	AC012354.1	chr2	44954664	44968762	14098	True	200	6.39076180011034	6081576	
measure	944	SULT1C4	chr2	108377911	108388057	10146	True	200	6.132390879094601	5474743	
measure	945	TBX18	chr6	84687351	84764519	77168	True	200	6.384097971022129	6262865	
measure	946	BTBD7	chr14	93237550	93333092	95542	True	200	5.306539356708527	530972	
measure	947	AL161932.2	chr10	32109861	32111666	1805	True	200	6.5252048298716545	3350300	
measure	948	RN7SKP13	chr4	181834865	181835108	243	True	200	4.852351397275925	396726	
measure	949	CYP26C1	chr10	93060808	93069536	8728	True	200	6.561480164527893	6067481	
measure	950	MIR5572	chr15	80581103	80581239	136	True	200	5.2780172526836395	809330	
measure	951	IER5L	chr9	129175552	129178262	2710	True	200	6.2812133729457855	4763821	
measure	952	MYOM1	chr18	3066807	3220108	153301	True	200	6.373741582036018	6441057	
measure	953	RNU1-59P	chr1	149162783	149162944	161	True	200	4.61936341971159	404097	
measure	954	NHSL2	chrX	71910818	72161750	250932	True	200	5.796935863792896	6444827	
measure	955	AC004853.2	chr7	143980905	143981820	915	True	200	6.390243463218212	2184077	
measure	956	CLDN10	chr13	95433604	95579759	146155	True	200	6.0483313575387	6406577	
measure	957	NAP1L4P3	chr13	47763460	47764606	1146	True	200	5.230790980160236	1611182	
measure	958	AL591848.1	chr1	246755511	246755832	321	True	200	3.848016530275345	1482331	
measure	959	IGLVI-70	chr22	22026076	22026593	517	True	200	5.811446480453014	1542883	
measure	960	OLFM1	chr9	135075422	135121179	45757	True	200	6.48615912348032	6395314	
measure	961	AC017074.2	chr2	113669166	113673191	4025	True	200	6.305816985666752	4598901	
measure	962	RN7SL629P	chr5	87294189	87294473	284	True	200	4.993560656905174	736505	
measure	963	MRPS18B	chr6	30617709	30626395	8686	True	200	5.77156812697649	110451	
measure	964	COX7A2P2	chr4	96902801	96903050	249	True	200	4.972827821969986	812	
measure	965	AC068898.2	chr10	48624004	48625093	1089	True	200	5.972645215690136	2008834	
measure	966	SERPINA12	chr14	94487274	94517844	30570	True	200	6.127682253718376	6220208	
measure	967	AC005832.2	chr12	4601991	4603420	1429	True	200	6.16000484675169	1903883	
measure	968	AL354707.1	chr9	6716495	6727438	10943	True	200	6.080928727984428	5894950	
measure	969	SYCN	chr19	39202831	39204266	1435	True	200	8.921319834887981	3111470	
measure	970	IGHV2OR16-5	chr16	32847713	32848156	443	True	200	6.7171928733587265	580111	
measure	971	LINC02104	chr5	39520431	39524708	4277	True	200	6.18109230697155	3397687	
measure	972	AC000058.1	chr7	91638847	91643512	4665	True	200	6.185962677001953	4082251	
measure	973	GSK3B	chr3	119821323	120094417	273094	True	200	8.43574745208025	6472588	
measure	974	AC138894.4	chr16	28451644	28455356	3712	True	200	5.717002876102924	1375942	
measure	975	SNORD115-3	chr15	25174927	25175008	81	True	200	4.193998210132122	537360	
measure	976	GPR75-ASB3	chr2	53670293	53860160	189867	True	200	6.307043559849262	6460604	
measure	977	FSIP2	chr2	185738895	185833290	94395	True	200	5.930214963853359	6224661	
measure	978	AC004706.1	chr17	6653464	6655009	1545	True	200	5.701357647776604	2992316	
measure	979	CLEC2B	chr12	9852984	9870136	17152	True	200	6.540317073464394	5714046	
measure	980	ASTN2-AS1	chr9	116504283	116562293	58010	True	200	6.4607390612363815	6215783	
measure	981	OSBPL2	chr20	62231922	62296213	64291	True	200	6.666984528303146	6459069	
measure	982	FDPS	chr1	155308748	155320666	11918	True	200	5.108103357255459	5968544	
measure	983	AC026951.2	chr15	31787494	31787734	240	True	200	3.980926603078842	821	
measure	984	AP001858.2	chr11	63032503	63033103	600	True	200	6.889796122908592	1377431	
measure	985	IAPP	chr12	21354959	21379978	25019	True	200	5.598502099514008	5927150	
measure	986	AC024589.1	chr5	29104880	29105438	558	True	200	5.436810418963432	2077	
measure	987	AL512656.1	chr10	73381433	73383496	2063	True	200	6.008465461432934	2533694	
measure	988	EMP1	chr12	13196716	13219939	23223	True	200	5.558673985302448	6142683	
measure	989	ANKRD17	chr4	73073376	73258798	185422	True	200	5.84526302665472	6389838	
measure	990	HSF1	chr8	144291591	144314722	23131	True	200	5.8658584877848625	6306936	
measure	991	SH3RF3	chr2	109129348	109504632	375284	True	200	6.342207603156567	6535927	
measure	992	RN7SL104P	chr2	15950689	15950981	292	True	200	6.262931235134602	1046119	
measure	993	AL049651.1	chr20	23010209	23030785	20576	True	200	6.958394430577755	6075153	
measure	994	NUTF2	chr16	67846732	67872567	25835	True	200	6.487789116799831	6230314	
measure	995	MRPL11	chr11	66435075	66466738	31663	True	200	7.421367809176445	6244159	
measure	996	AC022916.1	chr17	35231450	35242963	11513	True	200	7.6792547926306725	5843242	
measure	997	AC106706.1	chr3	194705548	194706964	1416	True	200	5.9458382576704025	3046963	
measure	998	RN7SKP218	chr7	53490148	53490439	291	True	200	6.417823500931263	415624	
measure	999	AC090502.4	chr12	74170445	74171830	1385	True	200	5.96077648550272	3394264	
measure	1000	RPL12P39	chr18	64072158	64072653	495	True	200	5.7551926374435425	1099335	
